idDrink,image_filename,image_path
14466,14466.jpg,cocktail_images\14466.jpg
16992,16992.jpg,cocktail_images\16992.jpg
11416,11416.jpg,cocktail_images\11416.jpg
14842,14842.jpg,cocktail_images\14842.jpg
178319,178319.jpg,cocktail_images\178319.jpg
14360,14360.jpg,cocktail_images\14360.jpg
17227,17227.jpg,cocktail_images\17227.jpg
17833,17833.jpg,cocktail_images\17833.jpg
16295,16295.jpg,cocktail_images\16295.jpg
13072,13072.jpg,cocktail_images\13072.jpg
12690,12690.jpg,cocktail_images\12690.jpg
14860,14860.jpg,cocktail_images\14860.jpg
11145,11145.jpg,cocktail_images\11145.jpg
12528,12528.jpg,cocktail_images\12528.jpg
11053,11053.jpg,cocktail_images\11053.jpg
17239,17239.jpg,cocktail_images\17239.jpg
17218,17218.jpg,cocktail_images\17218.jpg
16250,16250.jpg,cocktail_images\16250.jpg
13206,13206.jpg,cocktail_images\13206.jpg
13192,13192.jpg,cocktail_images\13192.jpg
17249,17249.jpg,cocktail_images\17249.jpg
11026,11026.jpg,cocktail_images\11026.jpg
12710,12710.jpg,cocktail_images\12710.jpg
12698,12698.jpg,cocktail_images\12698.jpg
16447,16447.jpg,cocktail_images\16447.jpg
14053,14053.jpg,cocktail_images\14053.jpg
178328,178328.jpg,cocktail_images\178328.jpg
12856,12856.jpg,cocktail_images\12856.jpg
11604,11604.jpg,cocktail_images\11604.jpg
14610,14610.jpg,cocktail_images\14610.jpg
17248,17248.jpg,cocktail_images\17248.jpg
178352,178352.jpg,cocktail_images\178352.jpg
17210,17210.jpg,cocktail_images\17210.jpg
17189,17189.jpg,cocktail_images\17189.jpg
11119,11119.jpg,cocktail_images\11119.jpg
17175,17175.jpg,cocktail_images\17175.jpg
178326,178326.jpg,cocktail_images\178326.jpg
13731,13731.jpg,cocktail_images\13731.jpg
16419,16419.jpg,cocktail_images\16419.jpg
14564,14564.jpg,cocktail_images\14564.jpg
14282,14282.jpg,cocktail_images\14282.jpg
16202,16202.jpg,cocktail_images\16202.jpg
178349,178349.jpg,cocktail_images\178349.jpg
12796,12796.jpg,cocktail_images\12796.jpg
178368,178368.jpg,cocktail_images\178368.jpg
15743,15743.jpg,cocktail_images\15743.jpg
12784,12784.jpg,cocktail_images\12784.jpg
12876,12876.jpg,cocktail_images\12876.jpg
16990,16990.jpg,cocktail_images\16990.jpg
11084,11084.jpg,cocktail_images\11084.jpg
11420,11420.jpg,cocktail_images\11420.jpg
178366,178366.jpg,cocktail_images\178366.jpg
13405,13405.jpg,cocktail_images\13405.jpg
17252,17252.jpg,cocktail_images\17252.jpg
16041,16041.jpg,cocktail_images\16041.jpg
14095,14095.jpg,cocktail_images\14095.jpg
11117,11117.jpg,cocktail_images\11117.jpg
17254,17254.jpg,cocktail_images\17254.jpg
11255,11255.jpg,cocktail_images\11255.jpg
12436,12436.jpg,cocktail_images\12436.jpg
178337,178337.jpg,cocktail_images\178337.jpg
17834,17834.jpg,cocktail_images\17834.jpg
17168,17168.jpg,cocktail_images\17168.jpg
11422,11422.jpg,cocktail_images\11422.jpg
16134,16134.jpg,cocktail_images\16134.jpg
14087,14087.jpg,cocktail_images\14087.jpg
14372,14372.jpg,cocktail_images\14372.jpg
14456,14456.jpg,cocktail_images\14456.jpg
178354,178354.jpg,cocktail_images\178354.jpg
17829,17829.jpg,cocktail_images\17829.jpg
178346,178346.jpg,cocktail_images\178346.jpg
12794,12794.jpg,cocktail_images\12794.jpg
11025,11025.jpg,cocktail_images\11025.jpg
12738,12738.jpg,cocktail_images\12738.jpg
12055,12055.jpg,cocktail_images\12055.jpg
11060,11060.jpg,cocktail_images\11060.jpg
15086,15086.jpg,cocktail_images\15086.jpg
11472,11472.jpg,cocktail_images\11472.jpg
14482,14482.jpg,cocktail_images\14482.jpg
17005,17005.jpg,cocktail_images\17005.jpg
15849,15849.jpg,cocktail_images\15849.jpg
17824,17824.jpg,cocktail_images\17824.jpg
17202,17202.jpg,cocktail_images\17202.jpg
11407,11407.jpg,cocktail_images\11407.jpg
11202,11202.jpg,cocktail_images\11202.jpg
178339,178339.jpg,cocktail_images\178339.jpg
15951,15951.jpg,cocktail_images\15951.jpg
17193,17193.jpg,cocktail_images\17193.jpg
13056,13056.jpg,cocktail_images\13056.jpg
16991,16991.jpg,cocktail_images\16991.jpg
12107,12107.jpg,cocktail_images\12107.jpg
17835,17835.jpg,cocktail_images\17835.jpg
13024,13024.jpg,cocktail_images\13024.jpg
14133,14133.jpg,cocktail_images\14133.jpg
17250,17250.jpg,cocktail_images\17250.jpg
16403,16403.jpg,cocktail_images\16403.jpg
11390,11390.jpg,cocktail_images\11390.jpg
11415,11415.jpg,cocktail_images\11415.jpg
16963,16963.jpg,cocktail_images\16963.jpg
17181,17181.jpg,cocktail_images\17181.jpg
16108,16108.jpg,cocktail_images\16108.jpg
17220,17220.jpg,cocktail_images\17220.jpg
13204,13204.jpg,cocktail_images\13204.jpg
12162,12162.jpg,cocktail_images\12162.jpg
178314,178314.jpg,cocktail_images\178314.jpg
11418,11418.jpg,cocktail_images\11418.jpg
11410,11410.jpg,cocktail_images\11410.jpg
12560,12560.jpg,cocktail_images\12560.jpg
17174,17174.jpg,cocktail_images\17174.jpg
11118,11118.jpg,cocktail_images\11118.jpg
17224,17224.jpg,cocktail_images\17224.jpg
12944,12944.jpg,cocktail_images\12944.jpg
12890,12890.jpg,cocktail_images\12890.jpg
15813,15813.jpg,cocktail_images\15813.jpg
178356,178356.jpg,cocktail_images\178356.jpg
11720,11720.jpg,cocktail_images\11720.jpg
11339,11339.jpg,cocktail_images\11339.jpg
11054,11054.jpg,cocktail_images\11054.jpg
178306,178306.jpg,cocktail_images\178306.jpg
11050,11050.jpg,cocktail_images\11050.jpg
12057,12057.jpg,cocktail_images\12057.jpg
11580,11580.jpg,cocktail_images\11580.jpg
13200,13200.jpg,cocktail_images\13200.jpg
15288,15288.jpg,cocktail_images\15288.jpg
11106,11106.jpg,cocktail_images\11106.jpg
17044,17044.jpg,cocktail_images\17044.jpg
11369,11369.jpg,cocktail_images\11369.jpg
178367,178367.jpg,cocktail_images\178367.jpg
12093,12093.jpg,cocktail_images\12093.jpg
14378,14378.jpg,cocktail_images\14378.jpg
17176,17176.jpg,cocktail_images\17176.jpg
15224,15224.jpg,cocktail_images\15224.jpg
17830,17830.jpg,cocktail_images\17830.jpg
178334,178334.jpg,cocktail_images\178334.jpg
13020,13020.jpg,cocktail_images\13020.jpg
17268,17268.jpg,cocktail_images\17268.jpg
12774,12774.jpg,cocktail_images\12774.jpg
17108,17108.jpg,cocktail_images\17108.jpg
14598,14598.jpg,cocktail_images\14598.jpg
13036,13036.jpg,cocktail_images\13036.jpg
12756,12756.jpg,cocktail_images\12756.jpg
14956,14956.jpg,cocktail_images\14956.jpg
11001,11001.jpg,cocktail_images\11001.jpg
17242,17242.jpg,cocktail_images\17242.jpg
16176,16176.jpg,cocktail_images\16176.jpg
12776,12776.jpg,cocktail_images\12776.jpg
12418,12418.jpg,cocktail_images\12418.jpg
12308,12308.jpg,cocktail_images\12308.jpg
11005,11005.jpg,cocktail_images\11005.jpg
11387,11387.jpg,cocktail_images\11387.jpg
11288,11288.jpg,cocktail_images\11288.jpg
12256,12256.jpg,cocktail_images\12256.jpg
16987,16987.jpg,cocktail_images\16987.jpg
178357,178357.jpg,cocktail_images\178357.jpg
12732,12732.jpg,cocktail_images\12732.jpg
11320,11320.jpg,cocktail_images\11320.jpg
178309,178309.jpg,cocktail_images\178309.jpg
178338,178338.jpg,cocktail_images\178338.jpg
178327,178327.jpg,cocktail_images\178327.jpg
17035,17035.jpg,cocktail_images\17035.jpg
14588,14588.jpg,cocktail_images\14588.jpg
15082,15082.jpg,cocktail_images\15082.jpg
12654,12654.jpg,cocktail_images\12654.jpg
178343,178343.jpg,cocktail_images\178343.jpg
15182,15182.jpg,cocktail_images\15182.jpg
15789,15789.jpg,cocktail_images\15789.jpg
12754,12754.jpg,cocktail_images\12754.jpg
11600,11600.jpg,cocktail_images\11600.jpg
11055,11055.jpg,cocktail_images\11055.jpg
11009,11009.jpg,cocktail_images\11009.jpg
17196,17196.jpg,cocktail_images\17196.jpg
17221,17221.jpg,cocktail_images\17221.jpg
17229,17229.jpg,cocktail_images\17229.jpg
178307,178307.jpg,cocktail_images\178307.jpg
11786,11786.jpg,cocktail_images\11786.jpg
15266,15266.jpg,cocktail_images\15266.jpg
13535,13535.jpg,cocktail_images\13535.jpg
17180,17180.jpg,cocktail_images\17180.jpg
12572,12572.jpg,cocktail_images\12572.jpg
178316,178316.jpg,cocktail_images\178316.jpg
12820,12820.jpg,cocktail_images\12820.jpg
11021,11021.jpg,cocktail_images\11021.jpg
17074,17074.jpg,cocktail_images\17074.jpg
11164,11164.jpg,cocktail_images\11164.jpg
17185,17185.jpg,cocktail_images\17185.jpg
11028,11028.jpg,cocktail_images\11028.jpg
11239,11239.jpg,cocktail_images\11239.jpg
15825,15825.jpg,cocktail_images\15825.jpg
11662,11662.jpg,cocktail_images\11662.jpg
178315,178315.jpg,cocktail_images\178315.jpg
12362,12362.jpg,cocktail_images\12362.jpg
14594,14594.jpg,cocktail_images\14594.jpg
11566,11566.jpg,cocktail_images\11566.jpg
178318,178318.jpg,cocktail_images\178318.jpg
12718,12718.jpg,cocktail_images\12718.jpg
16158,16158.jpg,cocktail_images\16158.jpg
12696,12696.jpg,cocktail_images\12696.jpg
17187,17187.jpg,cocktail_images\17187.jpg
14272,14272.jpg,cocktail_images\14272.jpg
17206,17206.jpg,cocktail_images\17206.jpg
13377,13377.jpg,cocktail_images\13377.jpg
178333,178333.jpg,cocktail_images\178333.jpg
16405,16405.jpg,cocktail_images\16405.jpg
15024,15024.jpg,cocktail_images\15024.jpg
178313,178313.jpg,cocktail_images\178313.jpg
17105,17105.jpg,cocktail_images\17105.jpg
12916,12916.jpg,cocktail_images\12916.jpg
11991,11991.jpg,cocktail_images\11991.jpg
11146,11146.jpg,cocktail_images\11146.jpg
12772,12772.jpg,cocktail_images\12772.jpg
12746,12746.jpg,cocktail_images\12746.jpg
16985,16985.jpg,cocktail_images\16985.jpg
14510,14510.jpg,cocktail_images\14510.jpg
178320,178320.jpg,cocktail_images\178320.jpg
178329,178329.jpg,cocktail_images\178329.jpg
17167,17167.jpg,cocktail_images\17167.jpg
12782,12782.jpg,cocktail_images\12782.jpg
12702,12702.jpg,cocktail_images\12702.jpg
178348,178348.jpg,cocktail_images\178348.jpg
12798,12798.jpg,cocktail_images\12798.jpg
11424,11424.jpg,cocktail_images\11424.jpg
13807,13807.jpg,cocktail_images\13807.jpg
11403,11403.jpg,cocktail_images\11403.jpg
17836,17836.jpg,cocktail_images\17836.jpg
11419,11419.jpg,cocktail_images\11419.jpg
12420,12420.jpg,cocktail_images\12420.jpg
12186,12186.jpg,cocktail_images\12186.jpg
12670,12670.jpg,cocktail_images\12670.jpg
178340,178340.jpg,cocktail_images\178340.jpg
17222,17222.jpg,cocktail_images\17222.jpg
13070,13070.jpg,cocktail_images\13070.jpg
15328,15328.jpg,cocktail_images\15328.jpg
13042,13042.jpg,cocktail_images\13042.jpg
16984,16984.jpg,cocktail_images\16984.jpg
11011,11011.jpg,cocktail_images\11011.jpg
13194,13194.jpg,cocktail_images\13194.jpg
12450,12450.jpg,cocktail_images\12450.jpg
12198,12198.jpg,cocktail_images\12198.jpg
13971,13971.jpg,cocktail_images\13971.jpg
14446,14446.jpg,cocktail_images\14446.jpg
11983,11983.jpg,cocktail_images\11983.jpg
17233,17233.jpg,cocktail_images\17233.jpg
14029,14029.jpg,cocktail_images\14029.jpg
15515,15515.jpg,cocktail_images\15515.jpg
16485,16485.jpg,cocktail_images\16485.jpg
178345,178345.jpg,cocktail_images\178345.jpg
11963,11963.jpg,cocktail_images\11963.jpg
12730,12730.jpg,cocktail_images\12730.jpg
11224,11224.jpg,cocktail_images\11224.jpg
15178,15178.jpg,cocktail_images\15178.jpg
15639,15639.jpg,cocktail_images\15639.jpg
12674,12674.jpg,cocktail_images\12674.jpg
178310,178310.jpg,cocktail_images\178310.jpg
178369,178369.jpg,cocktail_images\178369.jpg
15330,15330.jpg,cocktail_images\15330.jpg
11128,11128.jpg,cocktail_images\11128.jpg
11113,11113.jpg,cocktail_images\11113.jpg
178312,178312.jpg,cocktail_images\178312.jpg
11766,11766.jpg,cocktail_images\11766.jpg
11528,11528.jpg,cocktail_images\11528.jpg
14071,14071.jpg,cocktail_images\14071.jpg
12434,12434.jpg,cocktail_images\12434.jpg
178341,178341.jpg,cocktail_images\178341.jpg
16262,16262.jpg,cocktail_images\16262.jpg
11870,11870.jpg,cocktail_images\11870.jpg
12708,12708.jpg,cocktail_images\12708.jpg
17247,17247.jpg,cocktail_images\17247.jpg
12792,12792.jpg,cocktail_images\12792.jpg
178363,178363.jpg,cocktail_images\178363.jpg
12734,12734.jpg,cocktail_images\12734.jpg
17194,17194.jpg,cocktail_images\17194.jpg
16986,16986.jpg,cocktail_images\16986.jpg
178365,178365.jpg,cocktail_images\178365.jpg
17192,17192.jpg,cocktail_images\17192.jpg
14366,14366.jpg,cocktail_images\14366.jpg
12388,12388.jpg,cocktail_images\12388.jpg
178322,178322.jpg,cocktail_images\178322.jpg
11242,11242.jpg,cocktail_images\11242.jpg
15933,15933.jpg,cocktail_images\15933.jpg
11227,11227.jpg,cocktail_images\11227.jpg
16100,16100.jpg,cocktail_images\16100.jpg
17205,17205.jpg,cocktail_images\17205.jpg
11666,11666.jpg,cocktail_images\11666.jpg
17225,17225.jpg,cocktail_images\17225.jpg
14107,14107.jpg,cocktail_images\14107.jpg
13282,13282.jpg,cocktail_images\13282.jpg
178359,178359.jpg,cocktail_images\178359.jpg
11243,11243.jpg,cocktail_images\11243.jpg
17204,17204.jpg,cocktail_images\17204.jpg
12748,12748.jpg,cocktail_images\12748.jpg
11010,11010.jpg,cocktail_images\11010.jpg
15226,15226.jpg,cocktail_images\15226.jpg
12954,12954.jpg,cocktail_images\12954.jpg
17002,17002.jpg,cocktail_images\17002.jpg
13938,13938.jpg,cocktail_images\13938.jpg
15200,15200.jpg,cocktail_images\15200.jpg
16998,16998.jpg,cocktail_images\16998.jpg
16275,16275.jpg,cocktail_images\16275.jpg
17255,17255.jpg,cocktail_images\17255.jpg
13214,13214.jpg,cocktail_images\13214.jpg
17212,17212.jpg,cocktail_images\17212.jpg
17178,17178.jpg,cocktail_images\17178.jpg
11989,11989.jpg,cocktail_images\11989.jpg
12071,12071.jpg,cocktail_images\12071.jpg
14888,14888.jpg,cocktail_images\14888.jpg
16333,16333.jpg,cocktail_images\16333.jpg
15853,15853.jpg,cocktail_images\15853.jpg
12714,12714.jpg,cocktail_images\12714.jpg
11012,11012.jpg,cocktail_images\11012.jpg
13058,13058.jpg,cocktail_images\13058.jpg
16273,16273.jpg,cocktail_images\16273.jpg
17201,17201.jpg,cocktail_images\17201.jpg
12322,12322.jpg,cocktail_images\12322.jpg
12688,12688.jpg,cocktail_images\12688.jpg
178364,178364.jpg,cocktail_images\178364.jpg
11024,11024.jpg,cocktail_images\11024.jpg
16958,16958.jpg,cocktail_images\16958.jpg
13190,13190.jpg,cocktail_images\13190.jpg
17094,17094.jpg,cocktail_images\17094.jpg
11027,11027.jpg,cocktail_images\11027.jpg
17191,17191.jpg,cocktail_images\17191.jpg
11470,11470.jpg,cocktail_images\11470.jpg
11046,11046.jpg,cocktail_images\11046.jpg
13861,13861.jpg,cocktail_images\13861.jpg
14586,14586.jpg,cocktail_images\14586.jpg
15184,15184.jpg,cocktail_images\15184.jpg
17195,17195.jpg,cocktail_images\17195.jpg
13389,13389.jpg,cocktail_images\13389.jpg
11602,11602.jpg,cocktail_images\11602.jpg
178371,178371.jpg,cocktail_images\178371.jpg
16354,16354.jpg,cocktail_images\16354.jpg
12672,12672.jpg,cocktail_images\12672.jpg
17177,17177.jpg,cocktail_images\17177.jpg
12716,12716.jpg,cocktail_images\12716.jpg
17184,17184.jpg,cocktail_images\17184.jpg
11368,11368.jpg,cocktail_images\11368.jpg
11023,11023.jpg,cocktail_images\11023.jpg
11936,11936.jpg,cocktail_images\11936.jpg
11462,11462.jpg,cocktail_images\11462.jpg
11029,11029.jpg,cocktail_images\11029.jpg
17826,17826.jpg,cocktail_images\17826.jpg
12402,12402.jpg,cocktail_images\12402.jpg
12988,12988.jpg,cocktail_images\12988.jpg
178321,178321.jpg,cocktail_images\178321.jpg
11013,11013.jpg,cocktail_images\11013.jpg
12704,12704.jpg,cocktail_images\12704.jpg
13581,13581.jpg,cocktail_images\13581.jpg
11020,11020.jpg,cocktail_images\11020.jpg
14622,14622.jpg,cocktail_images\14622.jpg
13625,13625.jpg,cocktail_images\13625.jpg
15521,15521.jpg,cocktail_images\15521.jpg
12864,12864.jpg,cocktail_images\12864.jpg
11124,11124.jpg,cocktail_images\11124.jpg
13086,13086.jpg,cocktail_images\13086.jpg
12668,12668.jpg,cocktail_images\12668.jpg
17118,17118.jpg,cocktail_images\17118.jpg
14374,14374.jpg,cocktail_images\14374.jpg
12790,12790.jpg,cocktail_images\12790.jpg
14560,14560.jpg,cocktail_images\14560.jpg
13198,13198.jpg,cocktail_images\13198.jpg
11338,11338.jpg,cocktail_images\11338.jpg
17209,17209.jpg,cocktail_images\17209.jpg
13499,13499.jpg,cocktail_images\13499.jpg
17060,17060.jpg,cocktail_images\17060.jpg
17015,17015.jpg,cocktail_images\17015.jpg
12214,12214.jpg,cocktail_images\12214.jpg
12910,12910.jpg,cocktail_images\12910.jpg
178353,178353.jpg,cocktail_images\178353.jpg
178335,178335.jpg,cocktail_images\178335.jpg
15092,15092.jpg,cocktail_images\15092.jpg
17135,17135.jpg,cocktail_images\17135.jpg
11019,11019.jpg,cocktail_images\11019.jpg
12097,12097.jpg,cocktail_images\12097.jpg
17114,17114.jpg,cocktail_images\17114.jpg
17065,17065.jpg,cocktail_images\17065.jpg
14181,14181.jpg,cocktail_images\14181.jpg
178331,178331.jpg,cocktail_images\178331.jpg
11391,11391.jpg,cocktail_images\11391.jpg
17241,17241.jpg,cocktail_images\17241.jpg
14608,14608.jpg,cocktail_images\14608.jpg
17188,17188.jpg,cocktail_images\17188.jpg
12656,12656.jpg,cocktail_images\12656.jpg
13162,13162.jpg,cocktail_images\13162.jpg
17219,17219.jpg,cocktail_images\17219.jpg
15511,15511.jpg,cocktail_images\15511.jpg
14752,14752.jpg,cocktail_images\14752.jpg
12316,12316.jpg,cocktail_images\12316.jpg
12564,12564.jpg,cocktail_images\12564.jpg
17228,17228.jpg,cocktail_images\17228.jpg
16942,16942.jpg,cocktail_images\16942.jpg
13683,13683.jpg,cocktail_images\13683.jpg
11000,11000.jpg,cocktail_images\11000.jpg
13032,13032.jpg,cocktail_images\13032.jpg
178344,178344.jpg,cocktail_images\178344.jpg
17079,17079.jpg,cocktail_images\17079.jpg
12138,12138.jpg,cocktail_images\12138.jpg
13497,13497.jpg,cocktail_images\13497.jpg
17838,17838.jpg,cocktail_images\17838.jpg
15194,15194.jpg,cocktail_images\15194.jpg
17837,17837.jpg,cocktail_images\17837.jpg
14978,14978.jpg,cocktail_images\14978.jpg
12196,12196.jpg,cocktail_images\12196.jpg
11408,11408.jpg,cocktail_images\11408.jpg
12130,12130.jpg,cocktail_images\12130.jpg
12460,12460.jpg,cocktail_images\12460.jpg
17226,17226.jpg,cocktail_images\17226.jpg
12658,12658.jpg,cocktail_images\12658.jpg
178323,178323.jpg,cocktail_images\178323.jpg
17217,17217.jpg,cocktail_images\17217.jpg
13501,13501.jpg,cocktail_images\13501.jpg
13068,13068.jpg,cocktail_images\13068.jpg
178358,178358.jpg,cocktail_images\178358.jpg
12744,12744.jpg,cocktail_images\12744.jpg
16289,16289.jpg,cocktail_images\16289.jpg
17020,17020.jpg,cocktail_images\17020.jpg
13751,13751.jpg,cocktail_images\13751.jpg
178362,178362.jpg,cocktail_images\178362.jpg
11205,11205.jpg,cocktail_images\11205.jpg
12786,12786.jpg,cocktail_images\12786.jpg
15615,15615.jpg,cocktail_images\15615.jpg
11016,11016.jpg,cocktail_images\11016.jpg
13026,13026.jpg,cocktail_images\13026.jpg
14167,14167.jpg,cocktail_images\14167.jpg
178342,178342.jpg,cocktail_images\178342.jpg
11728,11728.jpg,cocktail_images\11728.jpg
11007,11007.jpg,cocktail_images\11007.jpg
11157,11157.jpg,cocktail_images\11157.jpg
12087,12087.jpg,cocktail_images\12087.jpg
12712,12712.jpg,cocktail_images\12712.jpg
15106,15106.jpg,cocktail_images\15106.jpg
12802,12802.jpg,cocktail_images\12802.jpg
14538,14538.jpg,cocktail_images\14538.jpg
16943,16943.jpg,cocktail_images\16943.jpg
11690,11690.jpg,cocktail_images\11690.jpg
12474,12474.jpg,cocktail_images\12474.jpg
17183,17183.jpg,cocktail_images\17183.jpg
16951,16951.jpg,cocktail_images\16951.jpg
14730,14730.jpg,cocktail_images\14730.jpg
15997,15997.jpg,cocktail_images\15997.jpg
11147,11147.jpg,cocktail_images\11147.jpg
16311,16311.jpg,cocktail_images\16311.jpg
14356,14356.jpg,cocktail_images\14356.jpg
17253,17253.jpg,cocktail_images\17253.jpg
17213,17213.jpg,cocktail_images\17213.jpg
11433,11433.jpg,cocktail_images\11433.jpg
17066,17066.jpg,cocktail_images\17066.jpg
12758,12758.jpg,cocktail_images\12758.jpg
11003,11003.jpg,cocktail_images\11003.jpg
14364,14364.jpg,cocktail_images\14364.jpg
14229,14229.jpg,cocktail_images\14229.jpg
17190,17190.jpg,cocktail_images\17190.jpg
11542,11542.jpg,cocktail_images\11542.jpg
13775,13775.jpg,cocktail_images\13775.jpg
17246,17246.jpg,cocktail_images\17246.jpg
12752,12752.jpg,cocktail_images\12752.jpg
11129,11129.jpg,cocktail_images\11129.jpg
17120,17120.jpg,cocktail_images\17120.jpg
14782,14782.jpg,cocktail_images\14782.jpg
178311,178311.jpg,cocktail_images\178311.jpg
13621,13621.jpg,cocktail_images\13621.jpg
12808,12808.jpg,cocktail_images\12808.jpg
16995,16995.jpg,cocktail_images\16995.jpg
12562,12562.jpg,cocktail_images\12562.jpg
178336,178336.jpg,cocktail_images\178336.jpg
12692,12692.jpg,cocktail_images\12692.jpg
15801,15801.jpg,cocktail_images\15801.jpg
11002,11002.jpg,cocktail_images\11002.jpg
178355,178355.jpg,cocktail_images\178355.jpg
11326,11326.jpg,cocktail_images\11326.jpg
17208,17208.jpg,cocktail_images\17208.jpg
17840,17840.jpg,cocktail_images\17840.jpg
15841,15841.jpg,cocktail_images\15841.jpg
12724,12724.jpg,cocktail_images\12724.jpg
11959,11959.jpg,cocktail_images\11959.jpg
11872,11872.jpg,cocktail_images\11872.jpg
17839,17839.jpg,cocktail_images\17839.jpg
15006,15006.jpg,cocktail_images\15006.jpg
12706,12706.jpg,cocktail_images\12706.jpg
14209,14209.jpg,cocktail_images\14209.jpg
15409,15409.jpg,cocktail_images\15409.jpg
11121,11121.jpg,cocktail_images\11121.jpg
178360,178360.jpg,cocktail_images\178360.jpg
13332,13332.jpg,cocktail_images\13332.jpg
16967,16967.jpg,cocktail_images\16967.jpg
15691,15691.jpg,cocktail_images\15691.jpg
13423,13423.jpg,cocktail_images\13423.jpg
12862,12862.jpg,cocktail_images\12862.jpg
13899,13899.jpg,cocktail_images\13899.jpg
12800,12800.jpg,cocktail_images\12800.jpg
14306,14306.jpg,cocktail_images\14306.jpg
16196,16196.jpg,cocktail_images\16196.jpg
12720,12720.jpg,cocktail_images\12720.jpg
15761,15761.jpg,cocktail_images\15761.jpg
11961,11961.jpg,cocktail_images\11961.jpg
178370,178370.jpg,cocktail_images\178370.jpg
12630,12630.jpg,cocktail_images\12630.jpg
12750,12750.jpg,cocktail_images\12750.jpg
17216,17216.jpg,cocktail_images\17216.jpg
12726,12726.jpg,cocktail_images\12726.jpg
12764,12764.jpg,cocktail_images\12764.jpg
13128,13128.jpg,cocktail_images\13128.jpg
17267,17267.jpg,cocktail_images\17267.jpg
12618,12618.jpg,cocktail_images\12618.jpg
178330,178330.jpg,cocktail_images\178330.jpg
12728,12728.jpg,cocktail_images\12728.jpg
11064,11064.jpg,cocktail_images\11064.jpg
12370,12370.jpg,cocktail_images\12370.jpg
17245,17245.jpg,cocktail_images\17245.jpg
12452,12452.jpg,cocktail_images\12452.jpg
15403,15403.jpg,cocktail_images\15403.jpg
15300,15300.jpg,cocktail_images\15300.jpg
15675,15675.jpg,cocktail_images\15675.jpg
11664,11664.jpg,cocktail_images\11664.jpg
11120,11120.jpg,cocktail_images\11120.jpg
17825,17825.jpg,cocktail_images\17825.jpg
12870,12870.jpg,cocktail_images\12870.jpg
13066,13066.jpg,cocktail_images\13066.jpg
11102,11102.jpg,cocktail_images\11102.jpg
11251,11251.jpg,cocktail_images\11251.jpg
13936,13936.jpg,cocktail_images\13936.jpg
15597,15597.jpg,cocktail_images\15597.jpg
12770,12770.jpg,cocktail_images\12770.jpg
11034,11034.jpg,cocktail_images\11034.jpg
14642,14642.jpg,cocktail_images\14642.jpg
13395,13395.jpg,cocktail_images\13395.jpg
12722,12722.jpg,cocktail_images\12722.jpg
13940,13940.jpg,cocktail_images\13940.jpg
17186,17186.jpg,cocktail_images\17186.jpg
178347,178347.jpg,cocktail_images\178347.jpg
11170,11170.jpg,cocktail_images\11170.jpg
12780,12780.jpg,cocktail_images\12780.jpg
12914,12914.jpg,cocktail_images\12914.jpg
12854,12854.jpg,cocktail_images\12854.jpg
17832,17832.jpg,cocktail_images\17832.jpg
17256,17256.jpg,cocktail_images\17256.jpg
11052,11052.jpg,cocktail_images\11052.jpg
13539,13539.jpg,cocktail_images\13539.jpg
13196,13196.jpg,cocktail_images\13196.jpg
17197,17197.jpg,cocktail_images\17197.jpg
16047,16047.jpg,cocktail_images\16047.jpg
14584,14584.jpg,cocktail_images\14584.jpg
12694,12694.jpg,cocktail_images\12694.jpg
17251,17251.jpg,cocktail_images\17251.jpg
16178,16178.jpg,cocktail_images\16178.jpg
17006,17006.jpg,cocktail_images\17006.jpg
13222,13222.jpg,cocktail_images\13222.jpg
12768,12768.jpg,cocktail_images\12768.jpg
178317,178317.jpg,cocktail_images\178317.jpg
15567,15567.jpg,cocktail_images\15567.jpg
15346,15346.jpg,cocktail_images\15346.jpg
17223,17223.jpg,cocktail_images\17223.jpg
17199,17199.jpg,cocktail_images\17199.jpg
11008,11008.jpg,cocktail_images\11008.jpg
13328,13328.jpg,cocktail_images\13328.jpg
14578,14578.jpg,cocktail_images\14578.jpg
14065,14065.jpg,cocktail_images\14065.jpg
17141,17141.jpg,cocktail_images\17141.jpg
178325,178325.jpg,cocktail_images\178325.jpg
14688,14688.jpg,cocktail_images\14688.jpg
11149,11149.jpg,cocktail_images\11149.jpg
12760,12760.jpg,cocktail_images\12760.jpg
13202,13202.jpg,cocktail_images\13202.jpg
17182,17182.jpg,cocktail_images\17182.jpg
17122,17122.jpg,cocktail_images\17122.jpg
11417,11417.jpg,cocktail_images\11417.jpg
11022,11022.jpg,cocktail_images\11022.jpg
15941,15941.jpg,cocktail_images\15941.jpg
17214,17214.jpg,cocktail_images\17214.jpg
11112,11112.jpg,cocktail_images\11112.jpg
11396,11396.jpg,cocktail_images\11396.jpg
11798,11798.jpg,cocktail_images\11798.jpg
11634,11634.jpg,cocktail_images\11634.jpg
14602,14602.jpg,cocktail_images\14602.jpg
16082,16082.jpg,cocktail_images\16082.jpg
15423,15423.jpg,cocktail_images\15423.jpg
11222,11222.jpg,cocktail_images\11222.jpg
17230,17230.jpg,cocktail_images\17230.jpg
17831,17831.jpg,cocktail_images\17831.jpg
11014,11014.jpg,cocktail_images\11014.jpg
12091,12091.jpg,cocktail_images\12091.jpg
12736,12736.jpg,cocktail_images\12736.jpg
11938,11938.jpg,cocktail_images\11938.jpg
