Ingredient,Measure,IngredientNumber,idDrink
Kahlua,,1,14466
Everclear,750 ml ,1,16992
Gin,2 oz ,1,11416
Baileys irish cream,1 oz ,1,14842
Hpnotiq,2 oz,1,178319
Absolut Kurant,3/4 oz ,1,14360
Sweet Vermouth,2 shots ,1,17227
Applejack,1 1/2 oz ,1,17833
Dark rum,1 shot ,1,16295
Vodka,2 oz ,1,13072
Yoghurt,1/2 cup plain ,1,12690
Grand Marnier,3 parts ,1,14860
Bitters,3 dashes ,1,11145
Vodka,2 oz ,1,12528
Champagne,Chilled ,1,11053
Vermouth,25 ml,1,17239
Gin,6 cl,1,17218
Malibu rum,1 1/2 oz ,1,16250
Lime,2 ,1,13206
Rum,1/2 oz ,1,13192
Gin,1 1/2 oz,1,17249
Amaretto,1 1/2 oz ,1,11026
Berries,1 cup ,1,12710
Mango,2 ,1,12698
Vanilla ice-cream,2 scoops ,1,16447
Goldschlager,1 oz ,1,14053
Rum,2 shots,1,178328
Water,1 cup ,1,12856
Bourbon,3 oz ,1,11604
151 proof rum,1 oz Bacardi ,1,14610
Gin,1 oz,1,17248
Rose,750 ml,1,178352
Gin,4 cl,1,17210
Gin,2 oz ,1,17189
Añejo rum,1 1/2 oz ,1,11119
Cachaca,25 ml,1,17175
Lime,1,1,178326
Amaretto,1 1/2 oz ,1,13731
Crown Royal,1 shot ,1,16419
Cranberry juice,2 oz ,1,14564
Kahlua,3/4 oz ,1,14282
Amaretto,,1,16202
Vodka,1 oz,1,178349
Orange,3 large ,1,12796
Dark Rum,4.5 cL,1,178368
Coffee,1/2 ,1,15743
Coffee,black,1,12784
Everclear,2 pint ,1,12876
Godiva liqueur,2 shots ,1,16990
Brandy,3/4 oz ,1,11084
Gin,2 oz ,1,11420
Gin,6 cl,1,178366
Sambuca,30 ml white ,1,13405
Vodka,1 1/2 oz,1,17252
Southern Comfort,750 ml ,1,16041
Coffee liqueur,1 shot ,1,14095
Vodka,1 oz ,1,11117
Orange Bitters,1 dash,1,17254
Sweet Vermouth,1 oz ,1,11255
Light rum,3 oz ,1,12436
Campari,1 1/2 oz,1,178337
Gin,1 1/2 oz ,1,17834
Triple sec,1/2 jigger ,1,17168
Vodka,1 oz ,1,11422
Absolut Citron,1 shot ,1,16134
Crown Royal,1 shot ,1,14087
Absolut Citron,2/3 ,1,14372
Absolut Kurant,4 cl ,1,14456
Gin,1 shot,1,178354
Blended Scotch,2 oz,1,17829
Cachaca,60 ml,1,178346
Angelica root,3 tblsp chopped,1,12794
Amaretto,1 1/2 oz ,1,11025
Chocolate,12 oz fine ,1,12738
Gin,1 oz ,1,12055
Scotch,1 1/2 oz ,1,11060
Corona,1 bottle ,1,15086
Gin,2 oz ,1,11472
Cherry Heering,1 part ,1,14482
Amaretto,1 jigger ,1,17005
Apricot brandy,1 qt ,1,15849
Gin,50 ml,1,17824
Lemon peel,1 long strip ,1,17202
Gin,2 oz ,1,11407
Sugar,2 tsp,1,11202
Light Rum,1 oz,1,178339
Ice,cubes,1,15951
Brandy,1 1/2 oz ,1,17193
Red wine,2 oz white or ,1,13056
Fruit punch,2 part ,1,16991
Grapefruit juice,5 oz ,1,12107
Dark rum,1 1/2 oz ,1,17835
Red wine,2 bottles ,1,13024
Cointreau,1/2 oz ,1,14133
Gin,3/4 oz,1,17250
Guinness stout,1/2 ,1,16403
Light rum,2 oz ,1,11390
Gin,2 oz ,1,11415
Vodka,1 1/4 oz Stoli ,1,16963
Vodka,70ml/2fl oz,1,17181
Absolut Citron,2 oz ,1,16108
Vanilla Ice-Cream,2 scoops ,1,17220
Absolut Citron,2 oz ,1,13204
Vodka,2 oz ,1,12162
Gin,6 cl,1,178314
Gin,1 1/2 oz ,1,11418
Gin,2 oz ,1,11410
Grenadine,1 part ,1,12560
Gin,1 oz,1,17174
Tequila,1 1/2 oz ,1,11118
Vodka,1 shot ,1,17224
Red wine,1 L ,1,12944
Cranberry juice,4 cups ,1,12890
Hot Damn,5 shots ,1,15813
Raspberry Vodka,50 ml,1,178356
Gin,1 oz ,1,11720
Apricot brandy,3/4 oz ,1,11339
Gin,2 oz ,1,11054
Sambuca,1 part,1,178306
Light rum,1 1/2 oz ,1,11050
Gin,2 oz ,1,12057
Bourbon,2 oz ,1,11580
Whiskey,12 oz ,1,13200
151 proof rum,1/2 shot Bacardi ,1,15288
Sweet Vermouth,1 oz ,1,11106
Sugar,2 1/2 cups ,1,17044
Scotch,1 oz ,1,11369
Gin,4.5 cL,1,178367
Light rum,2 oz ,1,12093
Beer,3/4 bottle ,1,14378
Lime,½,1,17176
Malibu rum,2 parts ,1,15224
Lime,1/2,1,17830
Absinthe,2 shots,1,178334
Red wine,1 bottle ,1,13020
Rum,4 parts,1,17268
Water,2 cups ,1,12774
Coca-Cola,1 dl ,1,17108
Vanilla vodka,2 1/2 oz ,1,14598
Lemon,Juice of 1 ,1,13036
Vodka,4 cl ,1,12756
Vodka,2 cups ,1,14956
Bourbon,4.5 cL,1,11001
Gin,50 ml,1,17242
Ice,8 cubes,1,16176
Espresso,,1,12776
Dry Vermouth,1 oz ,1,12418
Apricot brandy,1 oz ,1,12308
Gin,1 2/3 oz ,1,11005
Light rum,1 1/2 oz ,1,11387
Light rum,2 oz ,1,11288
Brandy,1 1/2 oz ,1,12256
Baileys irish cream,3/4 oz ,1,16987
Vodka,3 cl,1,178357
Milk,6 cups ,1,12732
Gin,1 1/2 oz ,1,11320
Rum,1 shot,1,178309
Rum,40 ml,1,178338
Tequila,4 oz,1,178327
Corona,1 ,1,17035
Malibu rum,1/2 oz ,1,14588
Crown Royal,1 1/2 oz ,1,15082
Milk,10 cl cold ,1,12654
Beer,4 oz,1,178343
Vodka,2 cl ,1,15182
Lager,1/2 pint ,1,15789
Vodka,1 oz ,1,12754
Vodka,1 oz ,1,11600
Sweet Vermouth,1 1/2 tsp ,1,11055
Vodka,2 oz ,1,11009
Vodka,1 1/4 oz ,1,17196
Vanilla Ice-Cream,3 cups ,1,17221
Rum,1 shot ,1,17229
Tequila,1 shot,1,178307
Brandy,1 oz ,1,11786
Vodka,3 parts,1,15266
Sprite,1 L ,1,13535
Gin,4.5 cl,1,17180
Pineapple juice,10 cl ,1,12572
White Rum,6 cl,1,178316
Scotch,1 cup ,1,12820
Dry Vermouth,1 oz ,1,11021
Vodka,1 shot ,1,17074
Brandy,2 oz ,1,11164
Gin,2 oz ,1,17185
Amaretto,1 1/2 oz ,1,11028
Light rum,1 1/4 oz ,1,11239
Rum,1/6 glass ,1,15825
Gin,1 1/2 oz ,1,11662
Gin,5 cl,1,178315
Tequila,2 oz ,1,12362
Cointreau,5 cl ,1,14594
Gin,1 1/2 oz ,1,11566
Vodka,1 oz,1,178318
Ginger,1/4 inch ,1,12718
Ice,1 cup ,1,16158
Yoghurt,1 cup ,1,12696
gin,6 cl,1,17187
Vodka,1 shot ,1,14272
Mint,4 fresh ,1,17206
Vodka,1 1/2 oz ,1,13377
Bourbon,2 oz,1,178333
Amaretto,1 shot ,1,16405
Absolut Vodka,2 oz ,1,15024
Cherry Juice,1 bottle,1,178313
Blue Curacao,,1,17105
Egg,1/2 cup ,1,12916
Dry Vermouth,1/2 oz ,1,11991
Sugar,1 tsp superfine ,1,11146
Kahlua,2 tsp ,1,12772
Cocoa powder,2 tsp ,1,12746
Jim Beam,1 part ,1,16985
Baileys irish cream,2 oz ,1,14510
Malibu Rum,1 oz,1,178320
Rum,2 shots,1,178329
Raspberry vodka,2 oz ,1,17167
Coffee,6 tblsp ground,1,12782
Ginger,2 pieces ,1,12702
Tequila,2 shots,1,178348
Coffee,10 tblsp instant ,1,12798
Vodka,1 1/2 oz ,1,11424
Peppermint schnapps,,1,13807
Gin,2 oz ,1,11403
Light rum,1 1/2 oz ,1,17836
Lime juice,1 1/2 oz ,1,11419
Dry Vermouth,1 1/2 oz ,1,12420
Light rum,1 oz Jamaican ,1,12186
Apple juice,1 can frozen ,1,12670
Gin,30 ml,1,178340
Gin,1 3/4 shot ,1,17222
Firewater,1/2 oz ,1,13070
Sambuca,2 cl ,1,15328
Pineapple juice,46 oz chilled ,1,13042
Rum,1 oz ,1,16984
Triple sec,1 oz ,1,11011
Whiskey,0.75 oz ,1,13194
Gin,1 1/2 oz ,1,12450
Brandy,1 oz ,1,12198
Irish whiskey,1 1/2 oz ,1,13971
Kool-Aid,1/2 oz Grape ,1,14446
Light rum,3/4 oz ,1,11983
Gin,50 ml ,1,17233
Creme de Cacao,1 oz white ,1,14029
Coffee,8 oz ,1,15515
Kahlua,1 oz ,1,16485
Whiskey,50 ml,1,178345
Port,2 1/2 oz ,1,11963
Cocoa powder,1/2 cup ,1,12730
Gin,2 oz ,1,11224
Yukon Jack,1 part ,1,15178
Kahlua,1/2 oz ,1,15639
Yoghurt,1 cup fruit ,1,12674
Rye Whiskey,2 oz,1,178310
Cognac,4 cl,1,178369
Vodka,1 oz ,1,15330
Light rum,3/4 oz ,1,11128
Vodka,1 1/2 oz ,1,11113
Vodka,10 shots,1,178312
Bourbon,2 oz ,1,11766
Irish whiskey,1 oz ,1,11528
Vodka,2 cl ,1,14071
Apricot brandy,1 1/2 oz ,1,12434
Gin,1 shot,1,178341
Whisky,4 cl ,1,16262
Cherry brandy,1/2 oz ,1,11870
Cantaloupe,Juice of 1/2 ,1,12708
Green Chartreuse,1 oz,1,17247
Sugar,1 cup,1,12792
Vodka,5 cl,1,178363
Chocolate,125 gr,1,12734
Gin,4cl,1,17194
Southern Comfort,2 oz ,1,16986
Gin,4 cl,1,178365
Brandy,3 parts,1,17192
Vodka,1 1/2 shot ,1,14366
Scotch,1 1/2 oz ,1,12388
Sugar,60 ml,1,178322
Light rum,1 oz ,1,11242
Sambuca,1 1/2 oz ,1,15933
Champagne,Chilled ,1,11227
Sour mix,2 oz ,1,16100
Champagne,Chilled ,1,17205
Carbonated water,,1,11666
Gin,2 shots ,1,17225
Absolut Citron,1 1/2 oz ,1,14107
Ale,1 part Bass pale ,1,13282
Kiwi,1/2,1,178359
Kahlua,1 oz ,1,11243
Vodka,1/2 oz ,1,17204
Milk,2 cups ,1,12748
Apricot brandy,1 oz ,1,11010
151 proof rum,1 shot Bacardi ,1,15226
Grape juice,,1,12954
Dark rum,1/2 oz ,1,17002
Absolut Vodka,1 oz ,1,13938
Coconut rum,1 oz ,1,15200
Vodka,1/2 oz ,1,16998
Ice,4-5 ,1,16275
Gin,2 1/2 oz,1,17255
Pisco,2 oz ,1,13214
Vodka,5 cl,1,17212
Baileys irish cream,2/3 oz,1,17178
Red wine,2 oz ,1,11989
Rum,2 oz light or dark ,1,12071
Peachtree schnapps,4 shots ,1,14888
Rum,1 part ,1,16333
Baileys irish cream,1/3 ,1,15853
Kiwi,3 ,1,12714
Southern Comfort,1 oz ,1,11012
Red wine,1 bottle ,1,13058
Lemonade,1 can ,1,16273
Rum,12 parts,1,17201
Strawberry schnapps,1/2 oz ,1,12322
Milk,2 cups ,1,12688
Vodka,4 cl,1,178364
Amaretto,1/2 oz ,1,11024
Apple juice,3 parts ,1,16958
Vodka,1 shot ,1,13190
Amaretto,1 shot ,1,17094
Amaretto,1 1/2 oz ,1,11027
Dark rum,1 part ,1,17191
Light rum,1 oz ,1,11470
Applejack,1 oz ,1,11046
Baileys irish cream,1 part ,1,13861
Spiced rum,1.5 oz ,1,14586
Vodka,2 cl ,1,15184
Champagne,6 oz ,1,17195
Lager,1/2 pint ,1,13389
Bourbon,2 oz ,1,11602
White Rum,2 oz,1,178371
Vodka,1/3 oz ,1,16354
Yoghurt,1 cup ,1,12672
demerara Sugar,2 tsp ,1,17177
Mango,1 ,1,12716
Brandy,1 oz ,1,17184
Gin,2 oz ,1,11368
Dark rum,2 oz ,1,11023
Bitters,3 dashes ,1,11936
Vodka,1 oz ,1,11462
Tea,6 oz hot ,1,11029
Irish Whiskey,50 ml,1,17826
Gin,2 oz ,1,12402
Water,3 cups ,1,12988
Amaretto,4 cl,1,178321
Orange bitters,2 dashes ,1,11013
Lime,Juice of 1 ,1,12704
Peach Vodka,2-3 oz,1,13581
Blended whiskey,1 1/2 oz ,1,11020
Vodka,1/3 part ,1,14622
Vodka,1 oz ,1,13625
Coffee,1 cup,1,15521
Apple cider,4 qt ,1,12864
Gin,2 oz ,1,11124
Lemonade,5 oz ,1,13086
Chocolate syrup,2 tblsp ,1,12668
Maui,5 oz blue ,1,17118
Absolut Citron,2/3 part ,1,14374
Vodka,1 bottle ,1,12790
White Creme de Menthe,1/2 oz ,1,14560
Kahlua,1 part ,1,13198
Brandy,3/4 oz ,1,11338
Rum,4.5 cl,1,17209
Vodka,1 oz ,1,13499
Goldschlager,1/2 oz ,1,17060
Vodka,1 shot ,1,17015
Cherry brandy,1/2 oz ,1,12214
Egg yolk,6 ,1,12910
Lime,Chopped,1,178353
Coconut Liqueur,30 ml,1,178335
Orange juice,1 part ,1,15092
Bacardi Limon,1 part ,1,17135
Lemon vodka,1 1/2 oz ,1,11019
Rum,2 oz light or dark ,1,12097
Gin,2 oz ,1,17114
Corona,1 bottle ,1,17065
Coffee,,1,14181
Rum,1 shot,1,178331
Light rum,1 1/2 oz ,1,11391
Rum,1 1/2 oz,1,17241
Spiced rum,1 oz ,1,14608
Light rum,1 1/2 oz ,1,17188
Strawberries,1/2 lb frozen ,1,12656
Kahlua,1 cl ,1,13162
White Rum,3 cl,1,17219
Kahlua,2 oz ,1,15511
Kiwi liqueur,1 part ,1,14752
Strawberry schnapps,1/2 oz ,1,12316
Apple juice,2 cups ,1,12564
Gin,1 1/2 shot ,1,17228
Chambord raspberry liqueur,1 shot ,1,16942
7-Up,1 part ,1,13683
Light rum,2-3 oz ,1,11000
Peach nectar,46 oz ,1,13032
Vodka,2 oz,1,178344
Kahlua,2 1/2 oz ,1,17079
Scotch,2 oz ,1,12138
Cider,1/2 pint hard ,1,13497
Sweet Vermouth,3/4 oz ,1,17838
Chocolate ice-cream,2 scoops ,1,15194
Dark rum,2 oz ,1,17837
Rum,mikey bottle ,1,14978
Cognac,2 oz ,1,12196
Gin,2 oz ,1,11408
Brandy,1 oz ,1,12130
Vodka,2 oz ,1,12460
Gin,1 shot ,1,17226
Strawberries,1/2 lb frozen ,1,12658
Vodka,1 shot,1,178323
Tequila,6 cl,1,17217
Amaretto,1/3 ,1,13501
Tequila,1/2 oz ,1,13068
Lime,3,1,178358
Sugar,5 tblsp ,1,12744
Tequila,3 oz ,1,16289
Jägermeister,1 oz ,1,17020
Dark rum,1-2 shot ,1,13751
Sprite,1 cup,1,178362
Blended whiskey,2 oz ,1,11205
Tea,1/4 cup Thai ,1,12786
Banana liqueur,1 shot ,1,15615
Brandy,1 oz ,1,11016
Red wine,1 1/2 L ,1,13026
Vodka,1 1/2 oz ,1,14167
Gin,2 oz,1,178342
Gin,1 2/3 oz ,1,11728
Tequila,1 1/2 oz ,1,11007
Sugar,1 tsp superfine ,1,11157
Light rum,2 oz ,1,12087
Grapes,1 cup ,1,12712
Orange juice,4 cl ,1,15106
Cranberries,1/2 kg chopped ,1,12802
Baileys irish cream,1/3 oz ,1,14538
Vodka,1 oz ,1,16943
Light rum,1 oz ,1,11690
Triple sec,3/4 oz ,1,12474
Light rum,1 3/4 oz Bacardi ,1,17183
Kahlua,1 oz ,1,16951
Vodka,1/4 ,1,14730
Galliano,2 1/2 shots ,1,15997
Bourbon,2 oz ,1,11147
Jack Daniels,1 oz ,1,16311
Baileys irish cream,3/4 oz ,1,14356
Grape Soda,3 oz,1,17253
Vodka,4.5 cl,1,17213
Gin,1 1/2 oz ,1,11433
Vodka,30 ml ,1,17066
Peach Vodka,5 parts ,1,12758
Gin,1 oz ,1,11003
Lemonade,1 can ,1,14364
Kahlua,1/3 part ,1,14229
Gin,7 parts,1,17190
Apple brandy,1 1/2 oz ,1,11542
Blackberry brandy,1 oz ,1,13775
Mezcal,2 oz,1,17246
Galliano,1/2 oz ,1,12752
Blended whiskey,2 oz ,1,11129
Everclear,1 fifth ,1,17120
Irish whiskey,1 shot ,1,14782
151 proof rum,1 shot,1,178311
Tequila,2 measures ,1,13621
Sugar,8 cups ,1,12808
Orange juice,4 oz ,1,16995
Grenadine,1 cl ,1,12562
Dark Rum,2 shots,1,178336
Yoghurt,1 cup ,1,12692
Midori melon liqueur,1.5 oz ,1,15801
Vodka,1/2 oz ,1,11002
Gin,2 oz,1,178355
Dubonnet Rouge,1 1/2 oz ,1,11326
Dry Vermouth,1/2 oz ,1,17208
Scotch,1 1/2 oz ,1,17840
Mint,1/2 handful ,1,15841
Milk,2 cups ,1,12724
Gin,1 1/2 oz ,1,11959
Creme de Cacao,1/2 oz white ,1,11872
Strawberry schnapps,2 oz ,1,17839
Wild Turkey,1 oz ,1,15006
Lime juice,4 cl ,1,12706
Coffee,6 oz ,1,14209
Coffee,3 parts ,1,15409
Sweet Vermouth,1 1/2 oz ,1,11121
Elderflower cordial,2 tsp,1,178360
Kahlua,1/3 shot ,1,13332
Vodka,2 oz ,1,16967
Beer,,1,15691
Vodka,2 cl Smirnoff ,1,13423
Water,3/4 cup ,1,12862
Jack Daniels,1/3 oz ,1,13899
Water,2 cups ,1,12800
Amaretto,1 part ,1,14306
Absinthe,2/5 ,1,16196
Ginger,1 inch ,1,12720
Black Sambuca,25 ml ,1,15761
Grenadine,1 tblsp ,1,11961
Ricard,3 cl,1,178370
Sugar syrup,2 tsp ,1,12630
Milk,2 cups ,1,12750
Tequila,4.5 cl,1,17216
Tomato juice,2 cups ,1,12726
Coffee,1 part ,1,12764
Lager,1/2 pint ,1,13128
Rum,3 parts,1,17267
Lemon juice,5 cl ,1,12618
Gin,1 shot,1,178330
Yoghurt,1 cup ,1,12728
Light rum,1 1/2 oz ,1,11064
Tequila,2 oz ,1,12370
Gin,50 ml,1,17245
Vodka,1 1/2 oz ,1,12452
Vodka,2 oz ,1,15403
Gin,1/2 oz,1,15300
Vodka,2 oz ,1,15675
Sweet Vermouth,3/4 oz ,1,11664
Gin,1 1/2 oz ,1,11120
Hot Chocolate,4 oz,1,17825
Tea,1 quart black ,1,12870
Grenadine,,1,13066
Coffee liqueur,3/4 oz ,1,11102
Brandy,2 oz ,1,11251
151 proof rum,5 oz Bacardi ,1,13936
Absolut Vodka,1 1/2 oz ,1,15597
Coffee,1/4 cup instant ,1,12770
Apricot brandy,1/2 oz ,1,11034
Kahlua,1 oz ,1,14642
Midori melon liqueur,1/2 oz ,1,13395
Strawberries,1 1/2 cup ,1,12722
Gin,2 oz dry ,1,13940
Gin,1 1/2 oz ,1,17186
Tequila,1 2/3 oz,1,178347
Brandy,2 oz ,1,11170
Coffee,,1,12780
Egg,6 ,1,12914
Johnnie Walker,1 fifth ,1,12854
Light rum,1 oz ,1,17832
Gin,1 1/2 oz,1,17256
Gin,2 oz ,1,11052
Vodka,1 1/2 oz ,1,13539
Vodka,5 cl ,1,13196
Gin,1 1/2 oz ,1,17197
Lager,1 bottle ,1,16047
Absolut Vodka,2 shots ,1,14584
Yoghurt,2 cups ,1,12694
Campari,1 oz,1,17251
Gin,2 jiggers ,1,16178
151 proof rum,2 oz light ,1,17006
Irish cream,1/2 oz ,1,13222
Coffee,1/2 cup black ,1,12768
Gold rum,6 cl,1,178317
Vodka,1/2 ,1,15567
Dark rum,1 shot ,1,15346
Gin,2 shots ,1,17223
Galliano,2 parts,1,17199
Sweet Vermouth,3/4 oz ,1,11008
Chocolate liqueur,1/2 shot ,1,13328
Amaretto,1 cl ,1,14578
Amaretto,2 oz ,1,14065
Red wine,1/3 part ,1,17141
Aperol,100 ml,1,178325
Jägermeister,1/2 oz ,1,14688
Gin,1 1/2 oz ,1,11149
Ouzo,1 part ,1,12760
Amaretto,1 oz ,1,13202
Pisco,5 cl,1,17182
Frangelico,1 part ,1,17122
Gin,2 oz ,1,11417
Dry Vermouth,1 oz ,1,11022
Campari,1 oz ,1,15941
Vodka,2.5 cl,1,17214
Tequila,1 oz ,1,11112
Gin,1 1/2 oz ,1,11396
Light rum,1 1/2 oz ,1,11798
Gin,2 oz ,1,11634
Tequila,full glass ,1,14602
Amaretto,3/4 oz ,1,16082
Lager,16 oz ,1,15423
Light rum,2 oz ,1,11222
Gin,2 oz ,1,17230
Light rum,2 oz ,1,17831
Gin,1/2 oz ,1,11014
Light rum,1 1/2 oz ,1,12091
Heavy cream,2 oz ,1,12736
Gin,1 1/2 oz ,1,11938
Sambuca,,2,14466
Vodka,1750 ml ,2,16992
Carbonated water,1 oz ,2,11416
White Creme de Menthe,3/4 oz ,2,14842
Pineapple Juice,1 oz,2,178319
Midori melon liqueur,3/4 oz ,2,14360
Dry Vermouth,1 shot ,2,17227
Grapefruit juice,1 oz ,2,17833
Orange,1 slice ,2,16295
Cherry liqueur,2 oz ,2,13072
Water,1 1/4 cup cold ,2,12690
Coffee,1 part ,2,14860
Water,1 tsp ,2,11145
Coffee liqueur,1 oz ,2,12528
Green Creme de Menthe,1 tsp ,2,11053
Maraschino Cherry,15 ml,2,17239
Vodka,1.5 cl,2,17218
Blackberry brandy,1 oz ,2,16250
Sugar,2 tblsp ,2,13206
Vodka,1/2 oz ,2,13192
Orange Curacao,3/4 oz,2,17249
Lime,1 ,2,11026
Apple,2 ,2,12710
Yoghurt,2 cups ,2,12698
Coca-Cola,1 can ,2,16447
Butterscotch schnapps,1 oz ,2,14053
Apricot Nectar,1 shot,2,178328
Brown sugar,3/4-1 cup ,2,12856
Benedictine,1/2 oz ,2,11604
Wild Turkey,1 oz ,2,14610
Lillet,1 oz,2,17248
Sugar,1/2 cup,2,178352
lemon juice,1.5 cl,2,17210
Benedictine,1 tsp ,2,17189
Tia maria,1/2 oz ,2,11119
Lemon Juice,15 ml,2,17175
lemon,1,2,178326
Sour mix,3 oz ,2,13731
Kahlua,1 shot ,2,16419
Soda water,2 oz ,2,14564
Galliano,3/4 oz ,2,14282
Sweet and sour,,2,16202
Amaro Montenegro,1 oz,2,178349
Vodka,3 cups ,2,12796
Orange Juice,3 cl,2,178368
Peach schnapps,1/2 ,2,15743
Sugar,,2,12784
Wine,1 bottle Boone Strawberry Hill ,2,12876
Milk,,2,16990
Gin,3/4 oz ,2,11084
Water,2 tsp ,2,11420
Lemon Juice,8 cl,2,178366
Erin Cream,30 ml ,2,13405
Grapefruit Juice,3 oz,2,17252
Orange juice,1 L ,2,16041
Light rum,1 shot Jamaican ,2,14095
Blue Curacao,1 oz ,2,11117
Green Chartreuse,1 oz,2,17254
Sloe gin,1/2 oz ,2,11255
Maple syrup,1 oz ,2,12436
Orange Juice,2 1/2 oz,2,178337
Orange bitters,1 dash ,2,17834
Amaretto,3 shots ,2,17168
Amaretto,1 oz ,2,11422
Orange juice,1 shot ,2,16134
Amaretto,1 shot ,2,14087
Lime juice,1/3 ,2,14372
Tea,Turkish apple ,2,14456
Coconut Liqueur,1 shot,2,178354
Lemon Juice,3/4 oz,2,17829
Lime,1,2,178346
Almond,1 tblsp chopped ,2,12794
Light cream,1 1/2 oz ,2,11025
Butter,1 tsp ,2,12738
Sweet and sour,2 oz ,2,12055
Sweet Vermouth,1/2 oz ,2,11060
Bacardi Limon,1 oz ,2,15086
Triple sec,1/2 oz ,2,11472
Soda water,1 part ,2,14482
Lemon,Juice of 1/2 ,2,17005
Champagne,4 fifth ,2,15849
Elderflower cordial,15 ml,2,17824
Brandy,2 oz ,2,17202
Carbonated water,,2,11407
Lime,1 ,2,11202
Gin,1 oz,2,178339
Chocolate syrup,,2,15951
White Creme de Menthe,1/2 oz ,2,17193
Lemon-lime soda,5 oz ,2,13056
Sprite,1 part ,2,16991
Gin,1 1/2 oz ,2,12107
Peach nectar,2 oz ,2,17835
Sugar,1 cup ,2,13024
Vodka,1 oz ,2,14133
Triple Sec,3/4 oz,2,17250
Root beer,1/2 ,2,16403
Lime juice,1 tblsp ,2,11390
Lemon,Juice of 1/2 ,2,11415
Ouzo,1/4 oz ,2,16963
Dry Vermouth,1 tbsp,2,17181
Orange Curacao,1/2 oz ,2,16108
Butterscotch schnapps,1 part ,2,17220
Grand Marnier,1 oz ,2,13204
Orange juice,,2,12162
Lemon Juice,2 cl,2,178314
Grenadine,1 tsp ,2,11418
Lemon,Juice of 1/2 ,2,11410
Orange juice,4 parts ,2,12560
Tequila,1 oz,2,17174
Blue Curacao,1 oz ,2,11118
Cranberry Juice,2 shots ,2,17224
Water,125 ml ,2,12944
Sugar,1 1/2 cup ,2,12890
Tea,very sweet ,2,15813
Cranberry Juice,25 ml,2,178356
Dry Vermouth,1 oz ,2,11720
Gin,1 1/2 oz ,2,11339
Grand Marnier,1/2 oz ,2,11054
Irish cream,1 part,2,178306
Apricot brandy,1 oz ,2,11050
Lemon,Juice of 1/2 ,2,12057
Lemon juice,1 oz ,2,11580
Beer,12 oz ,2,13200
Wild Turkey,1/2 shot ,2,15288
Sloe gin,1 1/2 oz ,2,11106
Corn syrup,1 cup ,2,17044
Sweet Vermouth,1 oz ,2,11369
Lemon Juice,3 cl,2,178367
Lemon juice,1 oz ,2,12093
Amaretto,1 shot ,2,14378
Brown sugar,2 tsp,2,17176
Tropicana,2 parts ,2,15224
Falernum,1/3 oz,2,17830
Champagne,Top,2,178334
Sugar,1/2 cup ,2,13020
Dark Rum,2 parts,2,17268
Tea,3-4 tsp ,2,12774
Lemon juice,7 drops ,2,17108
Grand Marnier,1 splash ,2,14598
Sugar,1 tblsp ,2,13036
Lime juice,1 dash ,2,12756
Jello,3 packages ,2,14956
Angostura bitters,2 dashes,2,11001
Creme de Cassis,20 ml,2,17242
Vodka,3 oz ,2,16176
Honey,Unsweetened ,2,12776
Gin,1 oz ,2,12418
Orange juice,1 oz ,2,12308
Dry Vermouth,1/3 oz ,2,11005
Triple sec,1 tblsp ,2,11387
Lime,Juice of 1/2 ,2,11288
Anisette,1 1/2 oz ,2,12256
Bourbon,3/4 oz ,2,16987
Passoa,3 cl,2,178357
Chocolate,3 oz Mexican ,2,12732
Ginger ale,4 oz ,2,11320
Vanilla syrup,1/2 shot,2,178309
Passoa,20 ml,2,178338
Grapefruit Juice,4 oz,2,178327
Bacardi Limon,1 shot ,2,17035
Light rum,1/2 oz ,2,14588
Peach schnapps,1 oz ,2,15082
Orange juice,4 cl ,2,12654
Tomato Juice,4 oz,2,178343
Creme de Banane,1 cl ,2,15182
Cider,1/2 pint ,2,15789
Peach schnapps,3/4 oz ,2,12754
Triple sec,1 oz ,2,11600
Gin,1 1/2 oz ,2,11055
Lime juice,2 oz ,2,11009
Lime juice,1/4 oz ,2,17196
Milk,1 cup ,2,17221
Dry Vermouth,1/2 shot ,2,17229
7-up,1 part,2,178307
Light rum,1/2 oz ,2,11786
Pisang Ambon,1 part ,2,15266
Pink lemonade,2 cups ,2,13535
lemon juice,1.5 cl,2,17180
Passion fruit juice,6 cl ,2,12572
Honey,2 cl,2,178316
Half-and-half,1 1/4 cup ,2,12820
Bourbon,1 oz ,2,11021
Malibu rum,1 shot ,2,17074
Egg,1 whole ,2,11164
Maraschino liqueur,1/4 tsp ,2,17185
White Creme de Menthe,3/4 oz ,2,11028
Cherry brandy,1 1/2 tsp ,2,11239
Coffee,1/6 glass strong black ,2,15825
Maraschino liqueur,1/2 oz ,2,11662
Lime Juice,2 cl,2,178315
Lemon juice,1 tblsp ,2,12362
Lemon juice,2 cl ,2,14594
Green Chartreuse,1/2 oz ,2,11566
Roses sweetened lime juice,1 oz,2,178318
Pineapple,1/2 ,2,12718
Tequila,2 oz ,2,16158
Water,2 cups cold ,2,12696
Peach Bitters,2 dashes,2,17187
Grenadine,1 tblsp ,2,14272
Bourbon,2 1/2 oz ,2,17206
Cranberry juice,4 oz ,2,13377
Raspberry syrup,1/2 oz,2,178333
Southern Comfort,1 shot ,2,16405
Cranberry juice,4 oz ,2,15024
Orange Peel,3,2,178313
Blueberry schnapps,,2,17105
Sugar,3 tblsp ,2,12916
Gin,1 1/2 oz ,2,11991
Water,2 tsp ,2,11146
Coffee,Strong cold ,2,12772
Sugar,1 tsp ,2,12746
Jack Daniels,1 part ,2,16985
Vanilla ice-cream,2 scoops ,2,14510
Banana Liqueur,1 oz,2,178320
Lime Juice,1 shot,2,178329
Lemon-lime soda,4 oz ,2,17167
Coriander,1/4 tsp ,2,12782
Water,1 gal ,2,12702
Grapefruit Juice,Top,2,178348
Vanilla extract,4 tblsp ,2,12798
Amaretto,3/4 oz ,2,11424
Kahlua,,2,13807
Tonic water,5 oz ,2,11403
Triple sec,1 1/2 tsp ,2,17836
Sugar,1 tsp superfine ,2,11419
Gin,1 1/2 oz ,2,12420
Anisette,1 tsp ,2,12186
Strawberries,1 cup ,2,12670
Campari,30 ml,2,178340
Grand Marnier,1 Shot ,2,17222
Absolut Peppar,1/2 oz ,2,13070
Baileys irish cream,2 cl ,2,15328
Club soda,28 oz ,2,13042
Vodka,1 oz ,2,16984
Apricot brandy,1 oz ,2,11011
Hot Damn,0.25 oz ,2,13194
Sweet Vermouth,1/2 oz ,2,12450
Triple sec,1/2 oz ,2,12198
Coffee,8 oz ,2,13971
Vodka,1/2 oz ,2,14446
Brandy,3/4 oz ,2,11983
Chocolate liqueur,30 ml ,2,17233
Vodka,1 oz ,2,14029
Jack Daniels,4 oz ,2,15515
Sambuca,1 oz ,2,16485
Honey,15 ml,2,178345
Brandy,1/2 tsp ,2,11963
Sugar,1 cup ,2,12730
Lemon juice,1/2 oz ,2,11224
Cherry brandy,1/2 part ,2,15178
Irish cream,1/2 oz ,2,15639
Banana,1 ,2,12674
Dry Vermouth,1 oz,2,178310
Ginger Beer,100 ml,2,178369
Triple sec,1 oz ,2,15330
Brandy,3/4 oz ,2,11128
Tomato juice,3 oz ,2,11113
Strawberries,3 cups,2,178312
Dark rum,1 oz ,2,11766
Peach brandy,1/2 oz ,2,11528
Coconut liqueur,1 cl ,2,14071
Orange juice,1 tblsp ,2,12434
Orange Juice,Top,2,178341
Baileys irish cream,8 cl ,2,16262
Gin,1 1/2 oz ,2,11870
Banana,1 ,2,12708
Maraschino Liqueur,1 oz,2,17247
Water,3/4 cup ,2,12792
Lemon Juice,7 cl,2,178363
Milk,3/4 L ,2,12734
Triple Sec,3cl,2,17194
Triple sec,1/2 oz ,2,16986
Tonic Water,10 cl,2,178365
Port,9 parts,2,17192
Cointreau,1 1/2 shot ,2,14366
Wine,1 oz Green Ginger ,2,12388
Allspice,1 tblsp,2,178322
Port,1 oz ,2,11242
Root beer,Add 10 oz ,2,15933
Sugar,1 piece ,2,11227
Amaretto,2 oz ,2,16100
Orange juice,2 oz ,2,17205
Gin,,2,11666
Grenadine,1/2 shot ,2,17225
Sweet and sour,3/4 oz ,2,14107
Guinness stout,1 part ,2,13282
Sugar Syrup,1 tsp,2,178359
Vodka,1/2 oz ,2,11243
Tequila,1/2 oz ,2,17204
Chocolate,4 oz chopped bittersweet or semi-sweet ,2,12748
Triple sec,1 oz ,2,11010
Malibu rum,1 shot ,2,15226
Carbonated soft drink,", orange
",2,12954
Vodka,1/2 oz ,2,17002
Gin,1 oz ,2,13938
Amaretto,1/2 oz ,2,15200
Chambord raspberry liqueur,1/2 oz ,2,16998
Tennessee whiskey,2 oz ,2,16275
Lime Juice,1/2 oz,2,17255
Lemon juice,1 oz ,2,13214
Kahlua,1 cl,2,17212
Chambord raspberry liqueur,1/3 oz,2,17178
Grenadine,1 oz ,2,11989
Lemon-lime soda,4 oz ,2,12071
Surge,4 shots ,2,14888
Vodka,1 part ,2,16333
Grand Marnier,1/3 ,2,15853
Papaya,1/2 ,2,12714
Amaretto,1 oz ,2,11012
Lemon,2 ,2,13058
Water,3 cans ,2,16273
Grapefruit Juice,8 parts,2,17201
Tequila,1 oz ,2,12322
Chocolate syrup,,2,12688
Tonic Water,10 cl,2,178364
Creme de Cacao,1/2 oz white ,2,11024
Malibu rum,1 part ,2,16958
Amaretto,1 shot ,2,13190
Grand Marnier,1 shot ,2,17094
Lime juice,1/2 oz ,2,11027
Orgeat syrup,1/2 part ,2,17191
Pineapple juice,1 oz ,2,11470
Triple sec,1 oz ,2,11046
Frangelico,1 part ,2,13861
Grenadine,0.5 oz ,2,14586
Creme de Banane,2 cl ,2,15184
Peach schnapps,1 oz ,2,17195
Cider,1/2 pint sweet or dry ,2,13389
Benedictine,1/2 oz ,2,11602
Sugar Syrup,1 oz,2,178371
Midori melon liqueur,1/3 oz ,2,16354
Fruit juice,1 cup ,2,12672
Lime,1,2,17177
Orange,2 ,2,12716
Light rum,1 oz ,2,17184
Triple sec,1/2 oz ,2,11368
Kahlua,1 oz ,2,11023
Gin,2 oz ,2,11936
Galliano,1/2 oz ,2,11462
Amaretto,2 oz ,2,11029
Amaretto,50 ml,2,17826
Lemon juice,1 oz ,2,12402
Sugar,1 cup ,2,12988
Orange Juice,6 cl,2,178321
Gin,1 1/2 oz ,2,11013
Sugar,1 tblsp ,2,12704
Coca-Cola,,2,13581
Dry Vermouth,1 oz ,2,11020
Grape soda,1/3 part ,2,14622
Baileys irish cream,1 1/2 oz ,2,13625
Aquavit,4 cl ,2,15521
Brown sugar,1 cup ,2,12864
Dry Vermouth,1/2 oz ,2,11124
Vodka,1 oz ,2,13086
Milk,6 oz whole ,2,12668
Mountain Dew,5 oz ,2,17118
Pisang Ambon,1/3 part ,2,14374
Sugar,50 gr ,2,12790
Southern Comfort,3/4 oz ,2,14560
Midori melon liqueur,1 part ,2,13198
Gin,3/4 oz ,2,11338
Galliano,1.5 cl,2,17209
Kahlua,1 oz ,2,13499
Jägermeister,1/2 oz ,2,17060
Kahlua,1 shot ,2,17015
Grenadine,1/2 oz ,2,12214
Sugar,1/4 cup ,2,12910
Apple Schnapps,1 shot,2,178353
Grapefruit Juice,75 ml,2,178335
Apple juice,1 part ,2,15092
Coca-Cola,2 parts ,2,17135
Triple sec,1 dash ,2,11019
Powdered sugar,2 tsp ,2,12097
Cranberry juice,5 oz ,2,17114
Light rum,1 shot ,2,17065
Milk,1/2 oz ,2,14181
Coconut Liqueur,1 shot,2,178331
Pineapple,4 chunks ,2,11391
Gold rum,1 1/2 oz,2,17241
Ginger ale,,2,14608
Pineapple juice,1 oz ,2,17188
Banana,1 frozen ,2,12656
Baileys irish cream,1 cl ,2,13162
Galliano,1.5 cl,2,17219
Milk,8 oz ,2,15511
Bitter lemon,2 parts ,2,14752
Light rum,1 oz ,2,12316
Carrot,1 large ,2,12564
Vermouth,1 1/2 shot ,2,17228
Vodka,1 shot ,2,16942
Apple schnapps,1 part ,2,13683
Lime,Juice of 1 ,2,11000
Orange juice,20 oz ,2,13032
Honey,1 tsp,2,178344
Baileys irish cream,1/2 oz ,2,17079
Brandy,4 dashes ,2,12138
Lager,1/2 pint ,2,13497
Sherry,1 1/2 oz dry ,2,17838
Brandy,2 oz ,2,15194
Lemon juice,1 oz ,2,17837
Ginger ale,large bottle ,2,14978
Cointreau,1/2 oz ,2,12196
Lemon juice,1 oz ,2,11408
Amaretto,1 oz ,2,12130
Tonic water,,2,12460
Cognac,1 shot ,2,17226
Banana,1 frozen ,2,12658
Sugar Syrup,1/2 shot,2,178323
Tomato Juice,3 cl,2,17217
Baileys irish cream,1/3 ,2,13501
Tabasco sauce,1/2 oz ,2,13068
Mango,1 Fresh,2,178358
Cocoa powder,3 tblsp ,2,12744
Apple cider,12 oz ,2,16289
Goldschlager,1 oz ,2,17020
Lime,Squeeze ,2,13751
Lime Juice,1/2 shot,2,178362
Lemon,Juice of 1 ,2,11205
Water,1/2 cup boiling ,2,12786
Creme de Cacao,2 shots ,2,15615
Creme de Cacao,1 oz white ,2,11016
Sugar,1 cup ,2,13026
Dry Vermouth,3/4 oz ,2,14167
Soda Water,5 oz,2,178342
Dry Vermouth,1/3 oz ,2,11728
Triple sec,1/2 oz ,2,11007
Club soda,3 oz ,2,11157
Milk,1 cup ,2,12087
Lemon,1/4 ,2,12712
Grapefruit juice,3 cl ,2,15106
Sugar,3/4 L ,2,12802
Kahlua,1/3 oz ,2,14538
Peach schnapps,1 oz ,2,16943
Orgeat syrup,1/2 oz ,2,11690
Gin,3/4 oz ,2,12474
Lime juice,1 oz ,2,17183
Brandy,1/2 oz ,2,16951
Banana liqueur,1/4 ,2,14730
Ginger ale,,2,15997
Lemon juice,1 oz ,2,11147
Midori melon liqueur,1/2 oz ,2,16311
Godiva liqueur,3/4 oz ,2,14356
Tequila,1 1/2 oz,2,17253
Raspberry Liqueur,1.5 cl,2,17213
Triple sec,1 oz ,2,11433
Gin,30 ml ,2,17066
Lemon juice,3 parts ,2,12758
Campari,1 oz ,2,11003
Vodka,5 oz ,2,14364
Baileys irish cream,1/3 part ,2,14229
Apricot Brandy,4 parts,2,17190
Grenadine,1 tsp ,2,11542
Anis,1 oz ,2,13775
Chocolate liqueur,3/4 oz,2,17246
Absolut Citron,1/2 oz ,2,12752
Lemon,Juice of 1/2 ,2,11129
Vodka,1 fifth Smirnoff red label ,2,17120
Baileys irish cream,3/4 shot ,2,14782
Scotch,1/2 shot,2,178311
Orange juice,,2,13621
Water,6 cups ,2,12808
Rum,1 oz ,2,16995
Orange juice,1 cl ,2,12562
Lime Juice,1 shot,2,178336
Water,2 cups cold ,2,12692
Zima,12 oz ,2,15801
Light rum,1/2 oz ,2,11002
Lemon Juice,0.75 oz,2,178355
Gin,3/4 oz ,2,11326
Gin,1 oz ,2,17208
Sweet Vermouth,1 oz ,2,17840
Lemon juice,3 cl ,2,15841
Banana,1 ,2,12724
Creme de Cacao,3/4 oz white ,2,11959
Amaretto,1/2 oz ,2,11872
Orange juice,2 oz ,2,17839
Amaretto,3/4 oz ,2,15006
Gin,2 cl ,2,12706
Chambord raspberry liqueur,2 oz ,2,14209
Everclear,1 part ,2,15409
Scotch,1 1/2 oz ,2,11121
Vodka,1 shot,2,178360
Sambuca,1/3 shot ,2,13332
Half-and-half,2 oz ,2,16967
Root beer,,2,15691
Southern Comfort,2 cl ,2,13423
Ginger,2 tsp ,2,12862
Johnnie Walker,1/3 oz ,2,13899
Sugar,2 cups white ,2,12800
Sour mix,1 part ,2,14306
Tequila,2/5 ,2,16196
Lemon,1/4 ,2,12720
Orange juice,Add 250 ml ,2,15761
Green Creme de Menthe,1/2 oz ,2,11961
Orgeat Syrup,1 cl,2,178370
Lemon juice,,2,12630
Chocolate,2 oz sweet ,2,12750
Lime Juice,1.5 cl,2,17216
Lemon juice,1-2 tblsp ,2,12726
Grain alcohol,2 parts ,2,12764
Cider,1/2 pint ,2,13128
Dark Rum,1 part,2,17267
Orange juice,15 cl ,2,12618
Melon Liqueur,1 shot,2,178330
Fruit,1 cup ,2,12728
Triple sec,1 tblsp ,2,11064
Lemon,Juice of 1/2 ,2,12370
Blue Curacao,15 ml,2,17245
Lemon juice,3 oz ,2,12452
Schweppes Russchian,,2,15403
Light rum,1/2 oz,2,15300
Kirschwasser,1 oz ,2,15675
Gin,1 1/2 oz ,2,11664
Triple sec,1/2 oz ,2,11120
Green Chartreuse,1 oz,2,17825
Rye whiskey,1 quart ,2,12870
Kahlua,,2,13066
Vodka,1 1/2 oz ,2,11102
Triple sec,1/2 oz ,2,11251
Pina colada mix,frozen ,2,13936
Peach schnapps,1/2 oz ,2,15597
Sugar,1/4 cup ,2,12770
Apple brandy,1/2 oz ,2,11034
151 proof rum,1 oz Bacardi ,2,14642
Jägermeister,1/2 oz ,2,13395
Honey,4 tsp ,2,12722
7-Up,4 oz ,2,13940
Grenadine,2 tsp ,2,17186
Campari,1/4 oz,2,178347
Lemon,Juice of 1/2 ,2,11170
Cinnamon,,2,12780
Sugar,1/4 cup ,2,12914
Honey,1 1/2 cup mild ,2,12854
Añejo rum,1 oz ,2,17832
Sweet Vermouth,1 1/2 oz,2,17256
Wine,1 oz Green Ginger ,2,11052
Iced tea,6 oz ,2,13539
Lime,1/2 ,2,13196
Sugar,2 tsp superfine ,2,17197
Campari,1 1/2 cl ,2,16047
Iced tea,12 oz lemon ,2,14584
Ice,4-6 ,2,12694
Sweet Vermouth,1 oz,2,17251
Vodka,1 jigger ,2,16178
Kool-Aid,1/2 tsp Tropical ,2,17006
Goldschlager,1/2 oz ,2,13222
Milk,1/2 cup ,2,12768
Orange Juice,2 cl,2,178317
Lemonade,1/2 can ,2,15567
Light rum,2 shots ,2,15346
Sweet Vermouth,1 shot ,2,17223
Triple Sec,2 parts,2,17199
Bourbon,2 1/2 oz Blended ,2,11008
Milk,1/2 shot ,2,13328
Orange juice,4 oz ,2,14578
Rum,2 oz ,2,14065
Peach schnapps,1 shot ,2,17141
Prosecco,150 ml,2,178325
Sambuca,1/2 oz ,2,14688
Triple sec,1 oz ,2,11149
Baileys irish cream,1 part ,2,12760
Vodka,1 oz ,2,13202
Lime Juice,2.5 cl,2,17182
Crown Royal,1 part ,2,17122
Lemon juice,1 oz ,2,11417
Gin,1 oz ,2,11022
Sweet Vermouth,1 oz red ,2,15941
Creme de Cassis,1.5 cl,2,17214
Tomato juice,2 oz ,2,11112
Brandy,1 oz ,2,11396
Grapefruit juice,3 oz ,2,11798
Light cream,2 tsp ,2,11634
Tabasco sauce,About 8 drops ,2,14602
Dark Creme de Cacao,1/2 oz ,2,16082
Tequila,1.5 oz ,2,15423
Triple sec,1 1/2 tsp ,2,11222
Grenadine,1 tsp ,2,17230
Ginger beer,4 oz ,2,17831
Creme de Cacao,1/2 oz white ,2,11014
Orange juice,5 oz ,2,12091
Milk,6-8 oz ,2,12736
Grenadine,1 tsp ,2,11938
Baileys irish cream,,3,14466
Peach schnapps,1750 ml ,3,16992
Sugar,1 cube ,3,11416
Cream,3/4 oz double ,3,14842
Banana Liqueur,1 oz,3,178319
Cranberry juice,1 oz ,3,14360
Soda Water,"Top up with
",3,17227
Surge,1/2 glass ,3,16295
Cranberry juice,4 oz ,3,13072
Cumin seed,1/2 tsp ground roasted ,3,12690
Sugar,1 ,3,11145
Light cream,,3,12528
Sugar Syrup,10 ml,3,17239
Lillet Blanc,0.75 cl,3,17218
Orange juice,3-4 oz ,3,16250
White rum,2-3 oz ,3,13206
Gin,1/2 oz ,3,13192
Lime Juice,3/4 oz,3,17249
Sugar,1/2 cup ,3,12698
Bourbon,2 oz ,3,16447
Milk,1 oz ,3,14053
Pomegranate juice,1 shot,3,178328
Coffee,4 tsp ,3,12856
Lemon peel,1 twist of ,3,11604
Sweet Vermouth,1 oz,3,17248
Strawberries,8 oz,3,178352
Sugar syrup,1 cl,3,17210
Orange juice,1/2 oz ,3,17189
Vodka,1/2 oz ,3,11119
Agave Syrup,10 ml,3,17175
White Wine,750 ml,3,178326
Cream,Fill with ,3,16419
Midori melon liqueur,0.5 oz ,3,14564
Soda water,Fill with ,3,14282
Midori melon liqueur,,3,16202
Ruby Port,1 oz,3,178349
Sugar,1 1/3 cup superfine ,3,12796
Pineapple Juice,3.5 cl,3,178368
Cream," pods
",3,12784
Orange juice,1/2 gal ,3,12876
Dry Vermouth,3/4 oz ,3,11084
Powdered sugar,1/2 tsp ,3,11420
Lemon Peel,1 Slice,3,178366
Advocaat,5 ml ,3,13405
Pepsi Cola,750 ml ,3,16041
Ice,cubes,3,14095
Lemonade,,3,11117
Gin,1 oz,3,17254
Wine,1/2 oz Muscatel ,3,11255
Lemon juice,1 oz ,3,12436
Ginger Beer,2 1/2 oz,3,178337
Orange,Juice of 1/4 ,3,17834
Cider,1/2 cup ,3,17168
Heavy cream,1 oz ,3,11422
Triple sec,1 shot ,3,16134
Cranberry juice,1 shot ,3,14087
Ice,Fill with ,3,14372
Sugar," (if needed)
",3,14456
Elderflower cordial,25 ml,3,178354
Honey syrup,2 tsp,3,17829
Elderflower cordial,3 cl,3,178346
Allspice,1 cracked ,3,12794
Vanilla extract,1/2 tsp ,3,12738
Egg,1 whole ,3,12055
Dry Vermouth,1/2 oz ,3,11060
Pineapple juice,1 tblsp ,3,11472
Orange juice,1 part ,3,14482
Ice,,3,17005
Vodka,1 fifth ,3,15849
Rosso Vermouth,15 ml,3,17824
Ginger ale,5 oz ,3,17202
Powdered sugar,,3,11407
Cachaca,2 1/2 oz ,3,11202
Sweet Vermouth,0.75 oz,3,178339
Cherry brandy,,3,15951
Ice,cubes,3,13056
Tequila,2 shots ,3,16991
Salt,1/4 tsp ,3,12107
Orange juice,3 oz ,3,17835
Water,2 cups hot ,3,13024
Lime,Juice of 1/2 ,3,14133
Lillet Blanc,3/4 oz,3,17250
Mint,6 ,3,11390
Powdered sugar,1 tsp ,3,11415
Olive Brine,2 tbsp,3,17181
Strawberry liqueur,1 splash ,3,16108
Milk,full glass ,3,17220
Lemon juice,2 oz sweetened ,3,13204
Sugar Syrup,2 cl,3,178314
Powdered sugar,1 tblsp ,3,11418
Powdered sugar,1 tsp ,3,11410
Pineapple juice,4 parts ,3,12560
Vodka,1 oz,3,17174
Lime juice,1 oz ,3,11118
Champagne,Top up with,3,17224
Sugar,60 gr ,3,12944
Pineapple juice,4 cups ,3,12890
Lemonade,25 ml,3,178356
Triple sec,1/4 tsp ,3,11720
Dry Vermouth,3/4 oz ,3,11339
Lemon juice,2 tsp ,3,11054
Triple sec,1 tsp ,3,11050
Powdered sugar,1 tsp ,3,12057
Sugar,1 tsp superfine ,3,11580
Lemonade,12 oz frozen ,3,13200
Lemon peel,1 twist of ,3,11106
Coffee,1 1/2 oz instant ,3,17044
Bitters,1 dash ,3,11369
Sugar Syrup,3 cl,3,178367
Sugar,1/2 tsp superfine ,3,12093
Orange juice,1 oz ,3,14378
Passion fruit juice,4 cl,3,17176
Cranberry juice,1 part ,3,15224
Angostura Bitters,2 dashes,3,17830
Orange juice,1 cup ,3,13020
Passoa,1 part,3,17268
Ginger,1 chunk dried ,3,12774
Orange juice,Fill with ,3,14598
Strawberries,8-10 ripe ,3,13036
Soda water,,3,12756
Water,3 cups ,3,14956
Sugar,1 cube,3,11001
Fresh Lime Juice,15 ml,3,17242
Peach nectar,1.5 oz ,3,16176
Cocoa powder,,3,12776
Anis,1/4 tsp ,3,12418
Sweet and sour,1 oz ,3,12308
Olive,1 ,3,11005
Lime juice,1 1/2 oz ,3,11387
Coca-Cola,,3,11288
Vodka,3/4 oz ,3,16987
Passion fruit juice,1 cl,3,178357
Cinnamon,1 tsp powdered ,3,12732
Lime,1 ,3,11320
Espresso,1 shot,3,178309
Lime Juice,30 ml,3,178338
Fresh Lime Juice,1 oz,3,178327
151 proof rum,1/2 oz Bacardi ,3,14588
Chambord raspberry liqueur,1/2 oz ,3,15082
Sugar syrup,2 tsp ,3,12654
Lime Juice,1 tblsp,3,178343
Orange juice,,3,15182
Blackcurrant squash,A little bit of ,3,15789
Cranberry juice,,3,12754
Lime juice,1 oz ,3,11600
Bitters,2 dashes ,3,11055
Ginger ale,8 oz ,3,11009
Cointreau,1/4 oz ,3,17196
Godiva liqueur,1/2 cup ,3,17221
Cognac,1/2 shot ,3,17229
Bourbon,1/2 oz ,3,11786
Apple juice,6 parts ,3,15266
Vodka,2 cups ,3,13535
maraschino liqueur,1.5 cl,3,17180
Lemon juice,1 cl ,3,12572
Lemon Juice,2 cl,3,178316
Condensed milk,1 can sweetened ,3,12820
Blackberry brandy,1 1/2 tsp ,3,11021
Gold tequila,1 shot ,3,17074
Sugar,1 tsp superfine ,3,11164
Lemon juice,1/4 tsp ,3,17185
Light cream,1 tblsp ,3,11239
Water,1/2 glass cold ,3,15825
Orange bitters,2 dashes ,3,11662
Ginger Beer,10 cl,3,178315
Grenadine,3/4 oz ,3,12362
Ice,cubes,3,14594
Yellow Chartreuse,1/2 oz ,3,11566
Cranberry Juice,1 oz,3,178318
Cream of coconut,1/4 cup ,3,16158
Sugar,4 tblsp ,3,12696
Mint,2 Fresh leaves,3,17187
Orange juice,Fill with ,3,14272
Powdered sugar,1 tsp ,3,17206
Grapefruit juice,1 oz ,3,13377
Mint,8,3,178333
Ice,cubes,3,16405
Ginger ale,2 oz ,3,15024
Red Chili Flakes,1,3,178313
Vodka,,3,17105
Condensed milk,13 oz skimmed ,3,12916
Benedictine,1 1/2 tsp ,3,11991
Lemon juice,1 oz ,3,11146
Vanilla extract,1/2 tsp ,3,12746
Wild Turkey,1 oz ,3,16985
Cream,,3,14510
Pineapple Juice,Top,3,178320
Egg White,1 shot,3,178329
Ice,,3,17167
Cardamom,4-5 whole green ,3,12782
Lemon,1 lb ,3,12702
Lime Juice,Juice of 1,3,178348
Sugar,2 1/2 cups ,3,12798
Baileys irish cream,,3,13807
Lime,1 ,3,11403
Lime juice,1 tblsp ,3,17836
Gin,2 oz ,3,11419
Maraschino liqueur,1/4 tsp ,3,12420
Grenadine,1/2 tsp ,3,12186
Sugar,2 tblsp ,3,12670
Orange Juice,90 ml,3,178340
Lemon Juice,1/4 Shot,3,17222
Tabasco sauce,1 dash ,3,13070
White Creme de Menthe,2 cl ,3,15328
Orange juice,6 oz frozen ,3,13042
Tequila,1 oz ,3,16984
Lemon juice,1/2 tsp ,3,11011
Brandy,1/2 oz ,3,12450
Lemon,Juice of 1/4 ,3,12198
Sugar,1 tsp ,3,13971
Lemon,Juice of 1/4 ,3,11983
Amaretto,15 ml,3,17233
Amaretto,4 oz ,3,15515
Blue Curacao,1 oz ,3,16485
Cinnamon,1,3,178345
Cornstarch,7 tsp ,3,12730
Maraschino liqueur,1 tsp ,3,11224
Southern Comfort,1 part ,3,15178
Amaretto,1/2 oz ,3,15639
Orange juice,4 oz frozen ,3,12674
Maraschino Liqueur,1/4 oz,3,178310
Angostura Bitters,3 drops,3,178369
Orange juice,1 oz ,3,15330
Triple sec,3/4 oz ,3,11128
Lemon juice,1 dash ,3,11113
Lime Juice,1/2 cup,3,178312
Heavy cream,1/2 oz ,3,11766
Orange juice,1 oz ,3,11528
Blue Curacao,1 cl ,3,14071
Orange bitters,2 dashes ,3,12434
Lemon Juice,Top,3,178341
Coffee,,3,16262
Orange juice,4 oz ,3,11870
Lime Juice,1 oz,3,17247
Apricot,2 ,3,12792
Lemon Peel,1 Slice,3,178363
Water,,3,12734
Lemon Juice,2cl,3,17194
Lime,2 wedges ,3,16986
Lemon Peel,1 Slice,3,178365
Egg Yolk,2 parts,3,17192
Lemon,Juice of 1 wedge ,3,14366
Orange juice,1 oz ,3,12388
Rum,20 cl,3,178322
Lemon,Juice of 1/2 ,3,11242
Ice,cubes,3,15933
Bitters,2 dashes ,3,11227
Tequila,2 oz ,3,16100
Dry Vermouth,,3,11666
Heavy cream,1/2 shot ,3,17225
Sprite,1/2 oz ,3,14107
Vodka,1 1/2 oz,3,178359
Chocolate ice-cream,5 oz ,3,11243
Light rum,1/2 oz ,3,17204
Orange peel,3 2-inch strips ,3,12748
Lime,Juice of 1 ,3,11010
Pineapple juice,1 shot ,3,15226
Sherbet,,3,12954
Triple sec,1/2 oz ,3,17002
Tonic water,4 oz ,3,13938
Orange juice,4 oz ,3,15200
Peachtree schnapps,1/2 oz ,3,16998
Vanilla extract,1 tsp ,3,16275
Sugar Syrup,1/2 oz,3,17255
Sugar,1-2 tblsp ,3,13214
Sugar syrup,1 dash,3,17212
Sugar syrup,1 tsp,3,17178
Lemon-lime soda,,3,11989
Lemon,1 ,3,12071
Tequila,1 part ,3,16333
Kahlua,1/4 ,3,15853
Sloe gin,1/2 oz ,3,11012
Orange juice,1 cup ,3,13058
Vodka,1 1/2 cup ,3,16273
Maraschino Liqueur,3 parts,3,17201
Triple sec,1/2 oz ,3,12322
Mint syrup,,3,12688
Lemon Peel,1 Slice,3,178364
Light cream,2 oz ,3,11024
Cinnamon,3 dashes ,3,16958
Sloe gin,1 shot ,3,13190
Southern Comfort,1 shot ,3,17094
Club soda,,3,11027
Orange juice,2 parts ,3,17191
Lemon juice,1 tsp ,3,11470
Lemon juice,1 oz ,3,11046
Milk,1 part ,3,13861
Orange juice,4 oz ,3,14586
Grenadine,,3,15184
Lime Juice,1 oz,3,178371
Sweet and sour,1/3 oz ,3,16354
Cachaca,2 1/2 oz,3,17177
Triple sec,1 oz ,3,17184
Egg white,1 ,3,11023
Orange juice,4 oz ,3,11462
Whipped cream,Chilled ,3,11029
Cranberry Juice,4 oz,3,17826
Sugar,1 tsp superfine ,3,12402
Cloves,12 ,3,12988
White Wine,15 cl,3,178321
Yellow Chartreuse,3/4 oz ,3,11013
Soda water," (seltzer water)
",3,12704
Pineapple juice,1 oz ,3,11020
Orange juice,1/3 part ,3,14622
Kahlua,1/2 oz ,3,13625
Sugar,By taste ,3,15521
Lemonade,6 oz frozen ,3,12864
Bitters,2 dashes ,3,11124
Blue Curacao,1/2 oz ,3,13086
Soda water,6 oz ,3,12668
Ice,cubes,3,17118
Ice,cubes,3,14374
Anise,50 ml pure ,3,12790
Vodka,1/2 oz ,3,14560
Baileys irish cream,1 part ,3,13198
Sweet Vermouth,3/4 oz ,3,11338
Pineapple Juice,6 cl,3,17209
Baileys irish cream,1 oz ,3,13499
Rumple Minze,1/2 oz ,3,17060
Coca-Cola,1 dash ,3,17015
Gin,1 oz ,3,12214
Milk,2 cups ,3,12910
Cognac,1 shot,3,178353
Soda Water,Top,3,178335
Pineapple juice,1 part ,3,15092
Pineapple juice,1 tblsp ,3,11019
Lemon peel,1 twist of ,3,12097
Grenadine,2 splashes ,3,17114
Triple sec,1/2 oz ,3,14181
Blueberries,Garnish with,3,178331
Lime juice,1 tblsp ,3,11391
151 proof rum,1 oz,3,17241
Maraschino liqueur,1/2 tsp ,3,17188
Yoghurt,1 cup plain ,3,12656
Frangelico,1 1/2 ,3,13162
Triple Sec,1.5 cl,3,17219
Vanilla ice-cream,2 scoops ,3,15511
Ice,cubes,3,14752
Lime juice,1 oz ,3,12316
Soda water,Fill with ,3,16942
Sugar,2 tsp ,3,11000
Brown sugar,1/2 cup ,3,13032
Figs,3,3,178344
Curacao,4 dashes ,3,12138
Blue Curacao,1 shot ,3,13497
Orange bitters,1 dash ,3,17838
Amaretto,2 oz ,3,15194
Grenadine,1 tsp ,3,17837
Fruit punch,355 ml frozen ,3,14978
Lemon juice,1 oz ,3,12196
Sugar,1/2 tsp superfine ,3,11408
Light cream,1 oz ,3,12130
Creme de Cassis,1 shot ,3,17226
Apple juice,2 cups fresh ,3,12658
Passion fruit juice,Full Glass,3,178323
Orange Juice,3 cl,3,17217
Cognac,1/3 ,3,13501
Mint,Sprig,3,178358
Salt,1 dash ,3,12744
Coca-Cola,Fill with ,3,13751
Vodka,1 1/2 shot,3,178362
Lime,Juice of 1 ,3,11205
Condensed milk,2 tsp sweetened ,3,12786
Chocolate ice-cream,2 scoops ,3,15615
Light cream,1 oz ,3,11016
Lemon,1 large ,3,13026
Olive,1 ,3,14167
Lime,1/4,3,178342
Olive,1 ,3,11728
Lime juice,1 oz ,3,11007
Lemon,1 ,3,11157
Powdered sugar,1 tsp ,3,12087
Pineapple,1/2 ,3,12712
Apple juice,1 cl ,3,15106
Light rum,1/2 L ,3,12802
Sambuca,1/3 oz ,3,14538
Orange juice,3 oz ,3,16943
Triple sec,1/2 oz ,3,11690
Pineapple juice,1 tblsp ,3,12474
Sugar syrup,1/2 tsp ,3,17183
Coffee,,3,16951
Orange juice,1/4 ,3,14730
Ice,,3,15997
Sugar,1/2 tsp superfine ,3,11147
Sour mix,2 oz ,3,16311
Kahlua,3/4 oz ,3,14356
pineapple juice,1.5 cl,3,17213
Pineapple juice,1 oz ,3,11433
Lime juice cordial,45 ml ,3,17066
Galliano,1 part ,3,12758
Sweet Vermouth,1 oz ,3,11003
Rum,7 oz ,3,14364
Frangelico,1/3 part ,3,14229
Orange Juice,3 parts ,3,17190
Lime,Juice of 1/2 ,3,11542
Coffee liqueur,1/2 oz,3,17246
Lemon," wedge
",3,12752
Powdered sugar,1 tsp ,3,11129
Mountain Dew,2 L ,3,17120
Coffee,6 oz hot ,3,14782
Bitters,3 drops,3,178311
Grenadine,,3,13621
Grain alcohol,1 pint ,3,12808
Vodka,1 oz ,3,16995
Pineapple juice,2 cl ,3,12562
Sugar,Dash,3,178336
Salt,1 tsp ,3,12692
Gin,1/2 oz ,3,11002
Sugar Syrup,0.75 oz,3,178355
Bitters,1 dash ,3,11326
Apricot brandy,1/2 oz ,3,17208
Dry Vermouth,1 oz ,3,17840
Dark rum,1/8 L Jamaican ,3,15841
Honey,1 tblsp ,3,12724
Triple sec,1/2 oz ,3,11872
Cranberry juice,2 oz ,3,17839
Pineapple juice,1 splash ,3,15006
Aperol,4 cl ,3,12706
Cocoa powder,2 tblsp ,3,14209
Benedictine,1 1/4 tsp ,3,11121
Soda Water,1/3 cup,3,178360
Grand Marnier,1/3 shot ,3,13332
Limeade,2 oz ,3,16967
Lemonade,,3,15691
Passion fruit syrup,2 cl ,3,13423
Guava juice,2 cups ,3,12862
Jim Beam,1/3 oz ,3,13899
Coffee,1/2 cup instant ,3,12800
Orange juice,1 part ,3,14306
Grenadine,1/5 ,3,16196
Water,1 cup hot ,3,12720
Water,Full Glass,3,178370
Ginger ale,,3,12630
Cinnamon,1/2 tsp ,3,12750
Agave syrup,2 spoons,3,17216
Celery salt,1 dash ,3,12726
Blackcurrant cordial,1 dash ,3,13128
Banana liqueur,1 part,3,17267
Sugar syrup,2-3 cl ,3,12618
Orange Bitters,1 dash,3,178330
Ice,,3,12728
Banana,1 ,3,11064
Powdered sugar,1 tsp ,3,12370
Tonic Water,100 ml,3,17245
Grape juice,3 oz unsweetened ,3,12452
Tequila,1/2 oz,3,15300
Strawberry liqueur,1 tsp ,3,15675
Blue Curacao,1/2 oz ,3,11120
Cherry Heering,1 oz,3,17825
Red wine,1 fifth ,3,12870
Baileys irish cream,,3,13066
Lemon juice,1 tblsp ,3,11251
Daiquiri mix,frozen ,3,13936
Coconut liqueur,1/2 oz ,3,15597
Water,1/4 cup hot ,3,12770
Gin,1 oz ,3,11034
Grenadine,1 dash ,3,14642
Goldschlager,1/2 oz ,3,13395
Water,1/2 cup ,3,12722
Lemon juice,0.75 oz ,3,13940
Lemon,Juice of 1/2 ,3,17186
Lime Juice,3/4 oz,3,178347
Powdered sugar,1/2 tsp ,3,11170
Salt,1/4 tsp ,3,12914
Angelica root,2 tsp dried and chopped ,3,12854
Orange juice,1 oz ,3,17832
Maraschino Liqueur,1 tsp,3,17256
Benedictine,1 tsp ,3,11052
Lemon juice," to taste
",3,13539
Angostura bitters,4 dashes ,3,13196
Lemon juice,1 1/2 oz ,3,17197
Sugar,,3,12694
Rye whiskey,1 1/4 oz,3,17251
Grenadine,3 dashes ,3,16178
Sugar,1-2 tsp ,3,12768
Lime Juice,2 cl,3,178317
Water,1/2 ,3,15567
Vodka,1 shot ,3,15346
Orange Juice,1 shot ,3,17223
orange juice,2 parts,3,17199
Angostura bitters,dash ,3,11008
Amaretto,1 dash ,3,13328
Grenadine,1/4 cl ,3,14578
Kool-Aid,4 oz Grape ,3,14065
Pepsi Cola,1/3 part ,3,17141
Soda Water,Top,3,178325
Vodka,1/2 oz ,3,14688
Lemon juice,1 tsp ,3,11149
Gin,2 parts ,3,12760
151 proof rum,1 oz Bacardi ,3,13202
Pineapple Syrup,2.5 cl,3,17182
Sugar,1/2 tsp superfine ,3,11417
Kummel,1/2 tsp ,3,11022
Lemon peel,Twist of ,3,15941
Sugar Syrup,1 cl,3,17214
Lemon juice,1 dash ,3,11112
Sweet Vermouth,1 oz ,3,11396
Bitters,1 dash ,3,11798
Powdered sugar,1 tsp ,3,11634
Coffee,8 oz ,3,16082
Lime juice,1 1/2 tsp ,3,11222
lemon,Juice of 1/2 ,3,17230
Lemon peel,1 twist of ,3,17831
Light cream,2 oz ,3,11014
Cinnamon,1 stick ,3,12736
Light cream,1 tsp ,3,11938
Orange juice,1 gal ,4,16992
Mint,4 ,4,11416
Sprite,1 splash ,4,14360
Cranberry juice,1/2 glass ,4,16295
Orange juice,4 oz ,4,13072
Salt,1/4 tsp ,4,12690
Bourbon,3 oz ,4,11145
Lemonade,100 ml,4,17239
Pineapple juice,3-4 oz ,4,16250
Ice,crushed ,4,13206
Blue Curacao,1/2 oz ,4,13192
Angostura Bitters,1 dash,4,17249
Water,1 cup iced ,4,12698
lemon,Juice of 1/2,4,178328
Rum,1 cup ,4,12856
Orange Peel,1,4,17248
Lemon Juice,2-3 oz,4,178352
Creme de Mure,1.5 cl,4,17210
Grenadine,1 tsp ,4,17189
Orange juice,1 oz ,4,11119
Champagne,top up with,4,17175
Strawberries,1 cup,4,178326
Creme de Banane,0.5 oz ,4,14564
Pineapple juice,,4,16202
Blood Orange,1 tsp,4,178349
Grenadine,1 cl,4,178368
Cardamom,,4,12784
Kool-Aid,1 gal Tropical Berry ,4,12876
Carbonated water,,4,11084
Lemon peel,1 twist of ,4,11420
Ice,cubes,4,178366
Milk,,4,14095
Cherry,,4,11117
Sweet Vermouth,1 oz,4,17254
Orange Peel,Garnish with,4,178337
Cherry,1 ,4,17834
Ice,Add 1/2 cup ,4,17168
Ginger ale,Fill to top ,4,16134
Tonic water,Top it up with ,4,14372
Lime Juice,30 ml,4,178354
Ginger Syrup,2 tsp,4,17829
Cinnamon,1 one-inch ,4,12794
Half-and-half,1 cup ,4,12738
Coca-Cola,,4,12055
Bitters,2 dashes ,4,11060
Ice,cubes,4,14482
Maraschino cherry,,4,17005
7-Up,4 L ,4,15849
Tonic Water,75 ml,4,17824
Bitters,2 dashes ,4,17202
Orange spiral,,4,11407
Campari,0.75 oz,4,178339
Vodka,,4,15951
151 proof rum,Float Bacardi ,4,16991
Apple,1 cup,4,13024
Cranberry juice,1 splash ,4,14133
Lemon Juice,3/4 oz,4,17250
Sugar,1 tsp ,4,11390
Water,1 tsp ,4,11415
Lemon,1 wedge,4,17181
Orange juice,1 oz ,4,16108
Vodka,2 parts ,4,17220
Club soda,1 oz ,4,13204
Basil,Whole,4,178314
Pineapple,3 chunks,4,11418
Carbonated water,,4,11410
White rum,1 oz,4,17174
Salt,Coarse ,4,11118
Cinnamon,1 ,4,12944
Almond flavoring,1 tblsp ,4,12890
Blue Curacao,10 ml,4,178356
Orange bitters,1 dash ,4,11720
Grenadine,1 tsp ,4,11339
Lemon peel,1 twist of ,4,11054
Lemon juice,1/2 oz ,4,11050
Egg,1 whole ,4,12057
Club soda,3 oz ,4,11580
Ice,1 cup crushed ,4,13200
Vanilla extract,2 oz ,4,17044
Sugar syrup,1/4 tsp ,4,11369
Cream,6 cl,4,178367
Orange,1 ,4,12093
Ginger ale,top up with,4,17176
Añejo rum,1 oz,4,17830
Lemon juice,1 cup ,4,13020
Blue Curacao,1 part,4,17268
Cardamom,3-4 crushed ,4,12774
Water,1 cup ,4,13036
Water,dash,4,11001
Ginger beer,75 ml,4,17242
Peach schnapps,1.5 oz ,4,16176
Bitters,2 dashes ,4,12418
Sugar,1 tsp ,4,11387
Orange juice,2-3 oz ,4,16987
Lime,1 cl,4,178357
Egg,3 ,4,12732
Coffee,1 shot,4,178309
Passion fruit syrup,15 ml,4,178338
Pineapple Juice,8 oz,4,178327
Dark Creme de Cacao,1 oz ,4,14588
Cranberry juice,1 oz ,4,15082
Banana,1/2 ,4,12654
Hot Sauce,Dash,4,178343
Orange juice,,4,12754
Cranberry juice,1/4 cup ,4,17196
Whipped Cream,for topping,4,17221
Gin,1/2 shot ,4,17229
Lemon,Juice of 1/2,4,11786
Lemon juice,1 1/2 part ,4,15266
Grenadine,1 cl ,4,12572
Coconut syrup,3 drops ,4,12820
Lemon juice,1 1/2 tsp ,4,11021
Orange juice,1 splash ,4,17074
Light cream,1/2 oz ,4,11164
Orange bitters,2 dashes ,4,17185
Whipped cream,,4,15825
Cucumber,Chopped,4,178315
Egg white,1 ,4,12362
Lemon," or lime
",4,14594
Sprite,Top,4,178318
Lime juice,3 tblsp fresh ,4,16158
Salt,pinch ,4,12696
Water,2 tsp ,4,17206
Sour mix,,4,16405
Ice,Add ,4,15024
Cloves,10,4,178313
Sour mix,,4,17105
Milk,3/4 cup skimmed ,4,12916
Bourbon,2 oz ,4,11146
Milk,12 oz ,4,12746
Bitters,1 dash,4,178329
Sugar,,4,12782
Sugar,1 cup ,4,12702
Agave Syrup,1 tsp,4,178348
Vodka,1 qt ,4,12798
Sugar,1 tsp ,4,17836
Bitters,1 dash ,4,11419
Anis,1/4 tsp ,4,12420
Lemon,Juice of 1/4 ,4,12186
Lemon,1 ,4,12670
Orange Peel,Garnish with,4,178340
Grenadine,1/8 Shot,4,17222
Lemon,1 ,4,13042
Gin,1 oz ,4,16984
Whipped cream,1 tblsp ,4,13971
Raspberry syrup,2 tsp ,4,11983
Chocolate Sauce,Garnish,4,17233
Whipped cream,,4,15515
Baileys irish cream,1 oz ,4,16485
lemon,1,4,178345
Water,1/2 cup ,4,12730
Orange bitters,1 dash ,4,11224
Sweet and sour,1 splash ,4,15178
151 proof rum,1/2 oz Bacardi ,4,15639
Fruit,1/2 piece textural ,4,12674
Angostura Bitters,3 dashes,4,178310
Lemon Peel,1,4,178369
Lime,Juice of 1/2 ,4,11128
Worcestershire sauce,1/2 tsp ,4,11113
Lemon-lime soda,12 oz,4,178312
Sweet and sour,1 oz ,4,11528
Sprite,Fill with ,4,14071
Rosemary Syrup,25 ml,4,178341
Ginger ale,,4,11870
Gin,1 oz,4,17247
Almond flavoring,1 tblsp ,4,12792
Ice,cubes,4,178363
Sour mix,2 oz ,4,16986
Ice,cubes,4,178365
Lime Juice,90 ml,4,178322
Powdered sugar,1 tsp ,4,11242
Lemon peel,1 twist of ,4,11227
Orange juice,Add splash ,4,16100
Powdered sugar,,4,11666
Milk,1/2 shot,4,17225
Soda water,3 oz ,4,14107
Kiwi,Garnish with,4,178359
Gin,1/2 oz ,4,17204
Espresso,1/2 tsp instant ,4,12748
Lime,1 ,4,11010
Orange juice,,4,15226
Sherbet,,4,12954
Tequila,1/2 oz ,4,17002
Grenadine,1/2 oz ,4,15200
Cranberry juice,1/2 oz ,4,16998
Coca-Cola,10-12 oz ,4,16275
Lime,1,4,17255
Ice,1,4,13214
Sugar,2 pinches,4,17178
Triple sec,1/2 part ,4,16333
Lemon juice,1 dash ,4,11012
Orange,3 ,4,13058
Lime Juice,3 parts,4,17201
Lemon juice,1 oz ,4,12322
Triple sec,1 shot ,4,13190
Pineapple juice,1 part ,4,17191
Sour mix,1 splash ,4,14586
Orange juice,,4,15184
Angostura Bitters,2 dashes,4,178371
Lemon juice,1 oz ,4,17184
Club soda,3 oz ,4,12402
Cinnamon,2 ,4,12988
Orange Peel,Garnish with,4,178321
Lemon peel,Twist of ,4,11013
Lime peel,,4,12704
Ice,lots ,4,14622
Orange juice,6 oz frozen ,4,12864
Maraschino liqueur,1/2 tsp ,4,11124
Triple sec,1/2 oz ,4,13086
Bitter lemon,,4,14374
Licorice root,1 tblsp ,4,12790
Hot chocolate,Fill with ,4,14560
Carbonated water,,4,11338
Lime Juice, 1 dash,4,17209
Vanilla ice-cream,2 scoops ,4,13499
151 proof rum,1/2 oz Bacardi ,4,17060
Guinness stout,Fill with ,4,17015
Sweet and sour,2 oz ,4,12214
Light rum,1/2 cup ,4,12910
Ginger,Top,4,178353
Ice,,4,15092
Water,2 tsp ,4,12097
Brandy,,4,14181
Pineapple Juice,Dash,4,178331
Sugar,1/2 tsp ,4,11391
Pernod,1 tsp,4,17241
Grenadine,1/2 tsp ,4,17188
Milk,1 cup ,4,12656
Coffee,4 cl hot ,4,13162
Lime Juice,1.5 cl,4,17219
Powdered sugar,1 tsp ,4,12316
Mint,2-4 ,4,11000
Cinnamon,3 3-inch ,4,13032
Thyme,1 Sprig,4,178344
Orange,1 slice ,4,12138
Orange juice,355 ml frozen ,4,14978
Grenadine,1/2 tsp ,4,11408
Fresh Lemon Juice,1/8 shot ,4,17226
Lime Juice,1.5 cl,4,17217
White Rum,200 ml,4,178358
Water,3 tblsp hot ,4,12744
Ice,,4,13751
Powdered sugar,1 tblsp,4,11205
Ice,cubes,4,12786
Chocolate syrup,1 oz ,4,15615
Nutmeg,,4,11016
Orange,1 large ,4,13026
Salt,,4,11007
Brandy,2 oz ,4,11157
Nutmeg,,4,12087
Maraschino cherry,1 ,4,15106
Cranberry juice,3 oz ,4,16943
Sweet and sour,1 1/2 oz ,4,11690
Grenadine,1 dash ,4,17183
Peach schnapps,1/4 ,4,14730
Orange,1 ,4,11147
Butterscotch schnapps,1/2 oz ,4,14356
Grenadine,1/2 tsp ,4,11433
Ice,1/2 glass crushed ,4,17066
Sirup of roses,1 part ,4,12758
Ginger ale,About 1 bottle ,4,14364
Sugar,Bacardi ,4,12752
Egg white,1 ,4,11129
Surge,2 L ,4,17120
Wormwood,1 Fresh,4,178311
Peppermint extract,1 oz pure ,4,12808
Cream,1 package ,4,16995
Cream,4 cl ,4,12562
Blueberries,Whole,4,178336
Asafoetida,1 pinch ,4,12692
Tequila,1/2 oz ,4,11002
Blackberries,Ground,4,178355
Lemon peel,1 twist of ,4,11326
Lemon juice,1/2 tsp ,4,17208
Orange bitters,2 dashes ,4,17840
Club soda,1/8 L ,4,15841
Vodka,1/2 oz ,4,11872
Club soda,,4,17839
Whipped cream,,4,14209
Lemon peel,1 twist of ,4,11121
Fresh Lemon Juice,Top,4,178360
Ice,,4,16967
Coca-Cola," slice
",4,15691
Sweet and sour,6 cl ,4,13423
Lemon juice,1 1/2 tblsp ,4,12862
Vanilla,1/2,4,12800
Egg yolk,2 beaten ,4,12750
Grenadine,1 part,4,17267
Soda water,,4,12618
Lemon Juice,1 dash,4,178330
Lime juice,1 1/2 oz ,4,11064
Lemon,1/2 slice ,4,12370
Rosemary,Garnish with,4,17245
Powdered sugar,1 tsp ,4,12452
Triple sec,1/2 oz,4,15300
Strawberries,5 ,4,15675
Bitters,2 dashes ,4,11120
Rum,1 pint Jamaican ,4,12870
Cranberry juice,1 1/2 oz ,4,15597
Milk,4 cups cold ,4,12770
Egg white,1 ,4,17186
Orange Juice,1/2 oz,4,178347
Lemon,1/2 slice ,4,11170
Milk,1 qt ,4,12914
Fennel seeds,1/4 tsp crushed ,4,12854
Lemon juice,1/2 oz ,4,17832
Angostura Bitters,2 dashes,4,17256
Lime,1 ,4,11052
Tonic water,1 dl Schweppes ,4,13196
Champagne,4 oz Chilled ,4,17197
Lime,,4,12694
Orange Peel,1,4,17251
Lime juice,1 shot ,4,16178
Triple Sec,2 jiggers,4,178317
Sugar,10 tsp ,4,15567
Orange juice,1 shot ,4,15346
Angostura Bitters,3 dashes ,4,17223
Cream,1 part,4,17199
Ice,2 or 3 ,4,11008
Orange juice,1/3 part ,4,17141
Grenadine,1/2 tsp ,4,11149
Grand Marnier,1/2 part ,4,12760
Dr. Pepper,1 oz ,4,13202
St. Germain,1.5 cl,4,17182
Orange,1 ,4,11417
Orange peel,Twist of ,4,15941
Lemon Juice,2.5 cl,4,17214
Tabasco sauce,1 dash ,4,11112
Club soda,1 oz ,4,11396
Lemon,Juice of 1/2,4,11634
Maraschino liqueur,1 1/2 tsp ,4,11222
Soda Water,Top up with,4,17230
Nutmeg,,4,11014
Vanilla,1 ,4,12736
Egg white,1 ,4,11938
Cranberry juice,1 gal ,5,16992
Orange,1 slice ,5,11416
Mint,1/4 tsp dried ,5,12690
Orange,1 ,5,11145
Blackberries,2,5,17239
Cranberry juice,3-4 oz ,5,16250
Sour mix,2 oz ,5,13192
Orange Bitters,1 dash,5,17249
Soda Water,Top,5,178328
Vanilla extract,4 tsp ,5,12856
Lemon juice,1 tsp ,5,11119
Apple,1 cup,5,178326
Angostura Bitters,Dash,5,178349
Sugar Syrup,1 cl,5,178368
Lemon peel,,5,11084
Blackberries,Garnish with,5,178354
Islay single malt Scotch,1/4 oz,5,17829
Anise,3-6 crushed ,5,12794
Marshmallows,mini ,5,12738
Orange juice,1/2 gal ,5,15849
Lime,2 Wedges,5,17824
Lemon peel,,5,11407
Lemon Juice,Dash,5,178339
Milk,,5,15951
Orange," wedges
",5,13024
Absinthe,1 dash,5,17250
Orange peel,Twist of ,5,11415
Olive,1,5,17181
Strawberries,2 ,5,11418
Triple Sec,1 oz,5,17174
Cloves,3 ,5,12944
Ginger ale,2 qt ,5,12890
Sugar Syrup,10 ml,5,178356
Cherry,1 ,5,11720
Lemon juice,1/4 tsp ,5,11339
Egg white,1 ,5,11050
Carbonated water,,5,12057
Maraschino cherry,1 ,5,11580
Water,3 cups boiling ,5,17044
Egg White,1,5,178367
Maraschino cherry,1 ,5,12093
Ice,fill,5,17176
blackstrap rum,1 oz,5,17830
Cloves,,5,13020
Sweet and Sour,6 parts,5,17268
Cloves,3 ,5,12774
Lime,1,5,17242
Lemon peel,1 ,5,16176
Orange peel,Twist of ,5,12418
Cherry,1 ,5,11387
Prosecco,1 shot,5,178357
Peach Bitters,Dash,5,178338
Lime,Garnish with,5,178327
Cointreau,1 oz ,5,14588
Worcestershire Sauce,Dash,5,178343
caramel sauce,"4 tablespoons
",5,17221
Fresh Lime Juice,1/4 shot,5,17229
Powdered sugar,1 tblsp,5,11786
Lemonade,,5,15266
Chocolate syrup,1 tblsp ,5,12820
Lemon peel,1 twist of ,5,11021
Pineapple juice,1 splash ,5,17074
Nutmeg,1/8 tsp grated ,5,11164
Cherry,1 ,5,17185
lemon,Chopped,5,178315
Ginger ale,,5,12362
Lemon juice,2 tblsp ,5,12696
Ginger,6,5,178313
7-Up,,5,17105
Vanilla extract,1 tsp ,5,12916
Lemon peel,1 twist of ,5,11146
Sugar,Ground,5,178329
Whipping cream,,5,12782
Cayenne pepper,ground ,5,12702
Pepper,Dash,5,178348
Water,2 1/2 cups ,5,12798
Egg white,1 ,5,17836
Club soda,3 oz ,5,11419
Orange bitters,2 dashes ,5,12420
Apple,1 ,5,12670
Berries,2 cups ,5,13042
Triple sec,1 oz ,5,16984
Salted Chocolate,Grated,5,17233
Cloves,2,5,178345
Milk,1 qt ,5,12730
Egg yolk,1 ,5,11224
Cream,1 oz ,5,15639
Ice,6 ,5,12674
Maraschino Cherry,1,5,178310
Tabasco sauce,2-3 drops ,5,11113
Lemon-lime soda,12 oz,5,178312
Orange,1 slice ,5,11528
Soda Water,Top,5,178341
Grain alcohol,1/2 cup pure ,5,12792
Champagne,6 cl,5,178322
Egg white,1 ,5,11242
Cognac,1 dash,5,11227
Orange spiral,,5,11666
Egg White,1/2 Fresh,5,17225
Lemon,1 slice ,5,14107
Coca-Cola,1 dash ,5,17204
Nutmeg,1/8 tsp ground ,5,12748
Grenadine,,5,15226
Melon liqueur,1/2 oz ,5,17002
Egg White,,5,13214
Fruit,,5,16333
Pineapple juice,1 cup ,5,13058
Strawberries,1 oz ,5,12322
Cranberry juice,,5,13190
Prosecco,2 oz,5,178371
Maraschino cherry,1 ,5,12402
Lemon peel,1 ,5,12988
Candy,1 dash ,5,14622
Cloves,6 whole ,5,12864
Maraschino cherry,1 ,5,11124
Sugar,,5,13086
Wormwood,1 ,5,12790
Lemon peel,,5,11338
Prosecco,top up ,5,17209
Oreo cookie,1 ,5,13499
Carbonated water,,5,12214
Bourbon,1/2 cup ,5,12910
Prosecco,Top,5,178331
Grenadine,1 tsp,5,17241
Maraschino cherry,1 ,5,17188
Honey," to taste
",5,12656
Cream,,5,13162
Strawberries,1 oz ,5,12316
Soda water,,5,11000
Cloves,1/2 tsp ,5,13032
Angostura Bitters,2 dashes,5,178344
Mint,1 ,5,12138
Ice,crushed ,5,14978
Maraschino cherry,1 ,5,11408
Sugar Syrup,1 dash,5,17217
Ice,cubes,5,178358
Milk,2 cups ,5,12744
Grenadine,1/4 tsp,5,11205
Mint,garnish,5,12786
Chocolate milk,4 oz ,5,15615
Apple,1 large ,5,13026
Maraschino cherry,1 ,5,11157
Cherry,1 ,5,11690
Maraschino cherry,1 ,5,11147
Milk," to fill
",5,14356
Pineapple,1 ,5,11433
151 proof rum,,5,12752
Lemon,1 slice ,5,11129
Lemon juice,1 small bottle ,5,17120
Ice,cubes,5,178311
Food coloring,1 tblsp green ,5,12808
Ice,Over ,5,16995
Lemon-lime soda,Top,5,178336
Lemon,Juice of 1/2 ,5,11002
Soda Water,Top,5,178355
Grenadine,1 tsp ,5,17208
Angostura bitters,8 drops ,5,15841
Light cream,1 oz ,5,11872
Nutmeg,,5,16967
7-Up,,5,15691
Club soda,1 dash ,5,13423
Pineapple,1 1/2 cup ,5,12862
Vodka,1 1/2 cup,5,12800
Pineapple Juice,2 parts,5,17267
Prosecco,Top,5,178330
Sugar,1 tsp ,5,11064
Cherry,1 ,5,12370
Orange,1 slice ,5,12452
Vodka,1/2 oz,5,15300
Schweppes Russchian,,5,15675
Maraschino cherry,1 ,5,11120
Brandy,1/2 pint ,5,12870
Pineapple juice,1 1/2 oz ,5,15597
Rosemary Syrup,1/2 oz,5,178347
Cherry,1 ,5,11170
Vanilla extract,1 tsp ,5,12914
Lemon peel,2 2 inch strips ,5,12854
Ginger ale,3 oz ,5,17832
Ice,4 ,5,13196
Orange,1 ,5,17197
Salt,,5,12694
Sugar,Around rim put 1 pinch ,5,16178
Maraschino cherry,1 ,5,11008
Egg white,1 ,5,11149
Beer,1 oz ,5,13202
Angostura Bitters,2 Dashes,5,17182
Maraschino cherry,1 ,5,11417
Celery salt,1 dash ,5,11112
Egg white,1 ,5,11634
Lime,Garnish,5,17230
Chocolate,2 oz finely chopped dark ,5,12736
Cherry,1 ,6,11416
Maraschino cherry,1 ,6,11145
Lemon-lime soda,1 splash ,6,13192
Apple Brandy,3 shots,6,178326
Orange Peel,Garnish with,6,178349
Angostura Bitters,4 drops,6,178368
Coriander,1/8 tsp powdered ,6,12794
Ginger,1 Slice,6,17824
Orgeat Syrup,Dash,6,178339
Lime," wedges
",6,13024
Carbonated water,,6,11418
Cherry Grenadine,1 oz,6,17174
Lemon peel,1 tblsp ,6,12944
Lime Juice,Dash,6,178356
Cherry,1 ,6,11339
Orange,1 ,6,11050
Orange,1 ,6,11580
Vodka,1 fifth ,6,17044
Vanilla extract,2 drop,6,178367
Cinnamon,,6,13020
Ice,cubes,6,17268
Cinnamon,1 piece ,6,12774
Ginger,1 long strip,6,17242
Ice,1 cup crushed ,6,11387
Mint,Garnish with,6,178338
Pepper,Rimmed,6,178327
Milk,3 oz ,6,14588
Soy Sauce,Dash,6,178343
chocolate sauce,"4 tablespoons
",6,17221
Sugar Syrup,1/4 shot,6,17229
Carbonated water,,6,11786
Cream of coconut,1 splash ,6,17074
Vodka,20 cl,6,178313
Rum,1 tsp ,6,12916
Nutmeg,Top,6,178329
Ice,,6,12782
Mint,1 ,6,17836
Cherry,1 ,6,12420
Soda water,1 L ,6,12670
Champagne,1 bottle ,6,13042
Chambord raspberry liqueur,1 oz ,6,16984
Lime,1 wedge ,6,11113
Raisins,1 cup,6,178312
Cherry,1 ,6,11528
Rosemary,Garnish with,6,178341
Water,1/2 cup ,6,12792
Orange spiral,Garnish with,6,178322
Carbonated water,,6,11242
Lemon peel,,6,11666
Lemon peel,Twist of ,6,17204
Cherries,,6,15226
Mountain Dew,Fill with ,6,17002
Ice,,6,16333
Salt,,6,12322
Orange,1 ,6,12402
Red wine,750 ml ,6,12988
Allspice,6 whole ,6,12864
Ice,,6,13086
Cherry,,6,12214
Vanilla extract,1 tsp ,6,12910
Lime Juice,1 tsp,6,17241
Lime juice,2 tblsp ,6,13032
Tonic Water,Top,6,178344
Orange,1 ,6,11408
Salt,1 pinch,6,17217
Soda Water,Top,6,178358
Vanilla extract,1/4 tsp ,6,12744
Carbonated water,,6,11205
Whipped cream,1 ,6,15615
Brandy,3-4 oz plain ,6,13026
Orange,1 ,6,11157
Cherry,1 ,6,11129
Rum,1 pint ,6,17120
Coca-Cola,1 splash ,6,11002
Mint,Garnish with,6,178355
Powdered sugar,,6,17208
Creme de Cassis,,6,15691
Sugar,1 cup ,6,12862
Caramel coloring,,6,12800
Orange Juice,2 parts,6,17267
Cherry,1 ,6,11064
Coca-Cola,1/2 oz,6,15300
Lemon peel,1 twist of ,6,11120
Benedictine,1 1/2 oz ,6,12870
Salt,Dash,6,178347
Lemon peel,1 twist of ,6,17832
Maraschino cherry,1 ,6,17197
Sugar syrup,3 dashes ,6,16178
Orange peel,1 twist of ,6,11008
Pepper,Pinch,6,17182
Lemon,1 slice ,6,11112
Carbonated water,,6,11634
Whipped cream,Fresh ,6,12736
Soda Water,Top,7,178326
Marjoram leaves,1 tblsp fresh chopped ,7,12794
Mint,1 Large Sprig,7,17824
Orange Peel,Garnish with,7,178339
Lemon,,7,13024
Sweet and sour,1 oz,7,17174
Mint,Sprig,7,178356
Soda Water,2 cl,7,178367
Black pepper,1-2 whole ,7,12774
Coconut liqueur,1 oz ,7,14588
Mini-snickers bars,"15
",7,17221
Water,1/2 shot ,7,17229
Grenadine,1 dash ,7,17074
Nutmeg,"
",7,12916
Ice,,7,12670
Midori melon liqueur,1 oz ,7,16984
Blueberries,1 cup,7,178312
Orange Peel,Garnish with,7,178341
Brandy,1 cup ,7,12792
Salt,1-3 pint ,7,16333
Brandy,1/4 cup ,7,12988
Nutmeg,1 tsp ground ,7,12864
Salt,1/4 tsp ,7,12910
Angostura Bitters,1 drop,7,17241
Mango,Garnish with,7,178358
Cherry,1 ,7,15615
Soda water,,7,13026
Lemon,,7,15691
Pineapple juice,3-4 cups ,7,12862
Sweet and Sour,1 part,7,17267
Sweet and sour,1-2 dash ,7,15300
Orange juice,1 pint ,7,12870
Soda water,Fill to top with ,7,16178
Lavender,2 sprigs,7,17182
Vodka,1.5 cup ,8,12794
Fresca,,8,13024
Club soda,3 oz,8,17174
Sugar," to taste
",8,12774
Vanilla ice-cream,1 cup ,8,14588
Ice,crushed ,8,17074
Malibu rum,1 oz ,8,16984
Food coloring,3 drops yellow ,8,12792
Fruit juice,,8,16333
Cinnamon,3 sticks ,8,12864
Whipping cream,1 cup ,8,12910
Banana,1 piece ,8,15615
Bitters,1 wedge ,8,15300
Lemon juice,1/2 pint ,8,12870
Sugar,1/2 cup granulated ,9,12794
Milk,to taste,9,12774
Pineapple,1 wedge ,9,17074
Food coloring,6 drops red ,9,12792
Egg white,6 ,9,12910
Lemon,Garnish with,9,15300
Water,1/4 cup ,10,12794
Food coloring,2 drops blue ,10,12792
Sugar,1/4 cup ,10,12910
Food coloring,1 drop yellow ,11,12794
Glycerine,1/2 tsp ,11,12792
Nutmeg,Ground ,11,12910
Food coloring,1 drop green ,12,12794
